subject,activity,trial,is_fall,acc_length,gyro_length,length_diff,acc_max_smv,acc_mean_smv,acc_peak_ratio,gyro_max_mag,gyro_mean_mag
6,1,1,False,154,360,206,18.15383004128864,9.996333121826888,1.8160489253293741,4.840226079981141,1.4514286710822035
6,1,3,False,61,946,885,13.76630741830248,9.976007645639442,1.3799415451050079,5.331245286630466,0.944709649442256
6,1,4,False,361,210,151,20.54280468667941,10.089990944134037,2.035958682228816,4.684456495438258,1.163198218278674
6,2,1,False,83,426,343,13.892478118959778,9.640227750169535,1.441094387454126,5.866877609630606,1.2659267788112547
6,2,2,False,99,1129,1030,16.0260412989707,10.422036485516239,1.537707271113991,9.436899744612766,1.7404109788885727
6,3,1,False,466,1609,1143,25.2398371388608,10.514042791048427,2.4005834498166547,11.909422413342705,2.8173231284128644
6,3,2,False,356,779,423,23.137707864149682,10.620993529814003,2.178488083757452,9.311656954054659,2.517613115615293
6,3,3,False,356,692,336,18.55885796373597,10.721419442006372,1.731007544925679,10.648612926834799,2.0896867322588557
6,4,1,False,198,662,464,19.001620084871558,10.5035349365514,1.8090690592799248,7.0377264589389465,1.634290315282273
6,4,2,False,108,1620,1512,16.62949596807123,10.313118616410042,1.612460456479777,9.581910785522698,1.3497278170451867
6,5,2,False,248,307,59,18.054732610899254,10.24339842458486,1.7625725218244883,4.090025460853664,0.6935515107977283
6,5,3,False,240,538,298,14.971880459843947,10.183831259088652,1.4701618736838884,6.991339091077516,0.9017728581969647
6,5,5,False,222,802,580,14.041265347306828,10.178631733418685,1.3794845615065747,2.1719437232213274,0.8055748193774532
6,6,1,False,141,493,352,24.983176746653715,10.257292290871252,2.4356502684954826,10.509633673903727,2.8562643679342203
6,6,2,False,189,307,118,26.538474316902832,10.329910629120796,2.5690904059129,48.058840299047674,2.4020418657071367
6,6,3,False,287,366,79,22.61432118378445,10.409422492005543,2.172485666657054,6.870234191359298,1.9275190770970045
6,6,4,False,201,141,60,29.728390202954984,10.371201475710965,2.8664364725643017,6.915266730815777,1.9669070588613893
6,6,5,False,199,289,90,42.610784137311136,10.437001984766283,4.082665133021786,11.733080018952133,2.8705179015753157
6,6,6,False,218,304,86,34.140501315338,10.518347533057437,3.2458046452241636,9.70108171598192,3.123627474835527
6,8,1,False,283,341,58,17.26967005061155,10.462131111695397,1.6506837708045263,5.334114189169726,1.3809794719722817
6,8,2,False,403,2772,2369,20.971884851120297,10.565421373208242,1.984954891098918,7.563855873281036,1.7091795995007215
26,2,1,False,583,122,461,12.887939232436446,9.868519036300698,1.3059648739561995,122.00764864013333,61.526112183797856
26,3,1,False,575,69,506,21.414679202072676,10.126420328482867,2.1147333891218865,69.04258544384591,35.17812509716254
26,5,1,False,570,54,516,16.656936830183128,9.988711214983532,1.6675761722414384,54.01018914874426,27.64143835325613
26,6,1,False,551,121,430,19.152171281323163,9.91118748203269,1.9323790712988758,121.02061575252985,61.094020298954966
26,7,1,False,555,188,367,18.270107892208316,10.576256806082053,1.7274644715914176,188.01977911111433,94.59215789896612
28,2,1,False,576,1189,613,17.658945189765486,9.946476189304056,1.7753971191326092,2.791782304420355,0.6707603857915305
32,2,1,False,250,733,483,14.507922563463165,9.9450955552893,1.4588017247515643,4.9343202514701385,1.7127209924855928
32,2,2,False,161,2222,2061,12.67140011118565,9.834864864147848,1.288416289734085,10.575798495987025,1.070250768330088
32,2,3,False,121,1132,1011,13.393175802772198,9.903478610149843,1.3523708503315326,8.871758841752118,0.909559711909367
32,2,4,False,281,66,215,14.377974190120552,9.906898399033137,1.4513093398647021,0.6377205794598505,0.23088643354684701
32,6,1,False,321,236,85,19.018561532101764,10.785660377954036,1.763319152283215,12.056269339663757,2.0143818332458707
32,7,1,False,140,953,813,28.062165513100137,11.197056200385795,2.506209220158345,22.76973222839877,4.462192939118441
32,7,2,False,191,138,53,29.181698331432838,10.938416221547538,2.667817507919452,12.681317876285334,4.095426225487956
32,7,3,False,201,297,96,22.990525590885227,10.750534839423263,2.138547143272467,11.397231355040551,3.9138025010270168
32,8,1,False,721,127,594,15.82774416255449,10.104185929115083,1.566454166414585,8.876968139357276,2.648020564991424
32,8,3,False,241,323,82,14.601587437365238,10.197519976608824,1.4318763244925967,3.5431810756021633,1.1513086111719673
32,10,1,True,221,95,126,14.810238236337739,10.017133451562005,1.4784906573490264,2.4821742148172525,0.8294896877550698
32,10,2,True,181,123,58,35.3255509826311,10.54712121285249,3.3493073831455624,9.469707330000423,4.227331744025603
32,10,3,True,281,88,193,18.405980236505087,10.328456368293507,1.7820649632782946,22.531622745477033,6.575215145315588
32,13,1,True,260,155,105,17.61207141932025,10.140087984049984,1.7368756000593573,0.760409157277802,0.177246215129474
32,13,2,True,261,854,593,25.790049433616776,10.096092724355428,2.554458453601289,4.5151136006038275,0.6834754395071897
32,13,3,True,261,465,204,29.420230509296662,10.067842598799,2.922198096698913,5.264045954359874,0.72981399184352
32,13,4,True,221,2693,2472,15.924662478327797,9.850336005645794,1.6166618532640753,8.248839806084428,1.0455194410116995
33,1,1,False,430,482,52,16.672649871488424,9.834010785261253,1.6954069116461137,11.298595001631272,0.93958983913615
33,2,1,False,340,509,169,17.387072877263623,10.697085751574255,1.6254027746249295,7.612927508756652,1.8450752440726859
33,2,2,False,434,648,214,18.616191238506087,10.671598086625849,1.7444614264842078,4.3191425662047145,1.7709120043932696
33,2,3,False,340,510,170,18.914652478047266,10.494411581795983,1.8023547401965645,4.665368681953342,1.603160274538409
33,2,4,False,341,510,169,19.28650080593262,10.488086816494183,1.8388959898017405,3.9264437910156977,1.3596031287876833
33,2,5,False,433,649,216,17.594084962990745,10.997675905657427,1.5998002757966334,4.154210473151925,2.1711980067645245
33,2,6,False,341,509,168,15.433713957266082,10.308863287387435,1.4971305285595775,4.822256480880455,1.1606774179578767
33,2,9,False,272,407,135,16.335376105342508,9.884259503666911,1.6526656430616449,9.389342643455368,0.8264340257881059
33,2,10,False,339,508,169,15.639502126326564,10.011984660259909,1.5620781135215787,4.559258310007763,1.1254241864965662
33,3,2,False,405,465,60,27.5811040164302,10.628732427756152,2.5949570353708977,13.784643809687125,2.5269117523846867
33,3,6,False,355,495,140,26.46742720827677,10.89384029818859,2.4295773078646983,25.241937169244835,3.890044398585553
33,3,14,False,341,511,170,35.458092951529444,11.457959453478603,3.0946254491953376,16.440778324083173,3.912451145137443
33,3,15,False,340,510,170,24.09496921704732,10.737051870120562,2.2440954450130466,19.392777496399592,4.486488124220671
33,5,2,False,382,488,106,31.475080727871443,10.84066686979476,2.9034266135910767,16.599002060118163,3.8178848407704162
33,5,3,False,341,512,171,34.17863734292976,10.368737764856462,3.296316107618307,17.1261030339154,2.6518196852884532
33,5,4,False,516,618,102,36.28615252752033,11.011349876879551,3.295340980015237,21.517026369278845,3.5812418240493056
33,6,1,False,340,510,170,32.947679342342006,12.955705328753828,2.543101937012034,19.225871389345524,5.519134122490551
33,6,2,False,391,488,97,37.58834941369782,11.787458030684864,3.1888426905919993,17.92947371749504,3.7410308027693633
33,6,5,False,370,493,123,16.86918327733933,10.385513863795529,1.624299334855566,20.208843335925486,3.0370389551570747
33,6,7,False,340,510,170,16.182005638795328,10.196255166820556,1.5870538112445784,14.388135724862218,2.2658387639598083
33,6,8,False,562,647,85,14.1553401328354,10.027272907347347,1.41168393934371,10.548879462132343,2.364654185533139
33,6,9,False,259,10,249,12.564241149711458,9.599494980251258,1.3088439717371632,0.5259701624823,0.18643475563838374
33,7,1,False,347,521,174,12.64831126295593,9.690661165703773,1.3052062221169713,4.057166436187711,1.0153866892989
33,7,2,False,365,546,181,13.856677672080211,9.725259123300349,1.424813208794965,4.147220975180285,0.8146779184415108
33,7,3,False,319,478,159,12.455562502698704,9.727145519986186,1.2804951323388283,4.060146305221726,0.8700537529668133
33,7,4,False,338,504,166,14.336896418825502,9.732381781376564,1.4731128233716433,4.421466030824894,0.8392261448427119
33,7,10,False,411,484,73,26.831449024782426,11.760281887129484,2.2815311111999446,14.136596278503461,4.630492271592017
33,7,11,False,340,510,170,30.811579062457298,11.607045530225829,2.654558298722572,15.797769869079874,4.832817821367926
33,7,12,False,385,491,106,30.171418083182456,11.640943993039466,2.5918360293894254,14.885176162339286,5.1253688397818875
33,8,1,False,341,509,168,37.99828321195153,10.485302816651433,3.6239566791879283,10.328789005632407,2.1299086086907146
33,8,2,False,340,510,170,41.081381221417075,10.313685522837726,3.9831911774523405,14.518005990783076,1.5313943985226315
33,8,3,False,340,509,169,21.940767296377057,10.267880844756988,2.1368350107229923,7.259686686659118,1.2936753577910542
33,8,7,False,340,507,167,18.305232196495147,10.098103773712317,1.8127395586902635,6.753794754713705,1.6569310151151477
33,8,8,False,339,509,170,16.944082886863118,10.116064974878006,1.674967777707238,5.147560591892468,1.6463812632828194
33,8,9,False,341,509,168,18.05522283459053,10.029188900494868,1.8002674987702105,4.779636058270201,1.3991064588303033
33,8,10,False,434,649,215,19.18103671355153,10.253096954345507,1.870755419582236,8.667888241215268,2.11694609600047
33,9,8,False,455,681,226,15.726889712279819,9.848112400921485,1.5969445774033622,4.0491167706732805,1.2259999907124868
33,9,10,False,411,614,203,13.220430870192518,9.817846642951466,1.3465713345826356,5.661971974527469,1.0569724851444517
33,11,1,True,341,509,168,18.27977851542246,10.157257385845522,1.7996766059014293,10.747971765891338,2.322450235877312
33,13,1,True,385,493,108,28.146016621270753,10.961877776379772,2.5676272961410334,12.149714151697037,1.5937468666848855
33,13,2,True,434,649,215,34.83644294041145,10.610451695393413,3.2832195940068876,11.965014069081896,1.5755945690583106
33,13,4,True,340,507,167,23.316265515688226,10.48521952039726,2.2237269756816267,8.91214900653028,1.4092569142018714
33,13,5,True,340,510,170,26.8876792678381,10.144937818218443,2.650354267627863,4.694096629952136,1.0078913815013868
33,13,6,True,519,615,96,26.62081549649813,10.304419966649098,2.583436579334276,13.862773942143418,1.3505360428756394
33,13,10,True,304,407,103,19.402675913684334,10.198507979657167,1.9025014181840703,8.736708530732756,1.4604385593709779
33,14,2,True,502,611,109,40.383934506701436,10.541131624210266,3.831081510797106,7.0100448357826,1.8265699807519076
33,14,6,True,340,509,169,34.246129040707565,10.4166941605153,3.2876197073772255,8.23664900484124,1.731534408944775
33,14,7,True,433,649,216,23.8965366330705,10.354125077825609,2.307924274661127,7.030661464649081,1.5038927590204898
34,9,3,False,732,334,398,27.659009769437645,9.785356148356623,2.8265715955384056,6.379452725807736,1.5144816566572312
34,9,4,False,729,388,341,17.41224725233183,9.95967504799639,1.7482746325495775,10.549554498407584,0.559342838753071
35,2,2,False,141,309,168,13.11292704887944,9.871372721607328,1.328379284766841,10.859652087092535,1.585087289340998
35,6,1,False,175,78,97,20.704242743465166,10.76518916366429,1.9232586078575882,5.169310567209878,1.0341243105655138
35,6,2,False,177,111,66,19.59622497208044,10.678737595676472,1.8350694338311784,5.658394153231292,1.8857407594445763
35,6,3,False,171,482,311,23.516434778725475,10.870522635335831,2.1633214469973594,20.275850348670534,4.09533516187417
35,6,4,False,181,1417,1236,20.020188581357193,10.704089676481715,1.8703307957743345,12.281617250994548,2.6809615392730732
35,7,5,False,161,1924,1763,20.066735308457822,10.623749185819591,1.8888562727322302,14.095229030500695,3.2624283792893967
35,8,1,False,261,157,104,14.579856673397304,9.967020390264762,1.4628099560235681,17.527253446565243,3.5638199199298413
35,9,4,False,121,954,833,15.493967544040352,9.994589474842636,1.5502355116773765,7.904139367495155,1.4418659901737498
35,10,1,True,181,82,99,43.80739843818112,10.480043908451476,4.180077753400681,2.4821742148172525,0.8902665324366531
35,10,2,True,241,121,120,54.24114539029926,10.222575435488459,5.306015659120185,9.469707330000423,4.292485394976385
35,10,3,True,221,87,134,61.23962753532022,10.392927627351302,5.89243278431288,22.531622745477033,6.649632701833519
35,10,4,True,261,1452,1191,55.03589912898626,10.48513600403098,5.248944701846348,16.090367303590767,1.9905379224498618
39,8,2,False,331,498,167,14.852559045533154,10.294495297781909,1.442767090709699,3.66659427708985,1.8978445922216765
43,2,2,False,1090,563,527,19.65705171377134,9.925379555511716,1.9804836262458738,8.870764856309947,1.0471917543547253
43,2,3,False,8139,5374,2765,40.80235576696178,10.092291346519918,4.042922892887179,11.799640596007613,0.9773402954520898
43,3,2,False,10133,7814,2319,41.761245205083554,10.424336004495924,4.006129996866083,23.287989823598597,2.22965515062317
43,5,5,False,2918,2194,724,29.19770956556197,10.373672663057249,2.8145971524043705,23.367334134376406,2.1123252307186284
43,6,3,False,2291,1780,511,16.010896854236425,10.14805780960868,1.5777301567300117,9.02690602573194,1.79044359299513
43,6,5,False,23905,15288,8617,54.946210924998375,10.099808649186622,5.440321968379093,13.902307191326315,1.3789502716269384
43,8,1,False,1582,945,637,18.353391433740374,9.980200174809163,1.838980290362915,6.0817254797652875,1.0887175079383304
43,8,2,False,1542,895,647,17.52886391600766,9.995933546013518,1.7535994830080033,11.384370199633278,1.3317125587650698
43,8,3,False,1560,917,643,37.42465730577285,10.114377109064813,3.7001445432789213,11.972355108603255,1.335780130219141
43,8,4,False,1015,880,135,33.2595222219554,10.282955847423732,3.234432072169583,11.527310718072613,1.5608245874495221
43,8,5,False,2247,1458,789,31.572243669215972,10.087637822113795,3.1297955175101904,10.47652561935224,1.2736842892181606
43,10,1,True,3254,1836,1418,111.8343806363885,10.253460782428373,10.906988664644052,19.385224347227247,1.12931764059094
43,10,3,True,1115,705,410,120.72864666531055,10.452240846981434,11.550503697460384,9.840612199737995,1.1690466878581605
43,10,4,True,1070,675,395,107.34067650335602,10.543627432907408,10.180621146241563,12.789354477731285,1.2362134470968622
43,10,5,True,697,612,85,92.45942620808734,10.437085890293735,8.858739603310653,12.531966696070265,1.3917825871246043
43,10,6,True,815,676,139,111.56176972901211,10.272475844893384,10.860261080669144,14.229998948418347,1.3522822415049884
43,11,1,True,1022,642,380,87.04285779411724,10.590787971673922,8.21873291626028,16.34773428616914,1.365835089061662
43,11,2,True,1020,637,383,91.70526763737963,10.68736284768112,8.580719945469998,11.07230576268052,1.2597564623352657
43,11,3,True,1037,666,371,93.96001343749667,10.69144205122775,8.788338645002842,13.97992512036035,1.4784527532912966
43,11,4,True,1056,651,405,84.76833406909297,10.452805665892038,8.109624984667944,9.748125007400256,0.9887258417721873
43,11,5,True,766,620,146,81.65718886076985,10.505778888422187,7.772597315276981,9.123848034599122,1.2912714926708455
43,12,1,True,1013,636,377,71.52741613812515,10.45655499700092,6.840437992267605,14.278966677654616,1.5465766570872885
43,12,2,True,994,639,355,87.8233696357042,10.53598716265112,8.335561556459794,12.188286188950974,1.637362096933416
43,12,3,True,994,639,355,87.8233696357042,10.53598716265112,8.335561556459794,12.188286188950974,1.637362096933416
43,12,4,True,1024,607,417,80.31284146969485,10.363360857867953,7.749690712663328,13.649165963236124,1.697497428053576
43,12,5,True,1035,666,369,78.10881549400432,10.527236546737686,7.419688450338164,12.348544827159676,1.8127066539526695
43,13,1,True,732,618,114,71.14066735686588,10.147662270003652,7.010547394452732,8.611630548334935,1.1904404418316836
43,13,2,True,845,691,154,65.56581168536661,10.23346025826434,6.40700310223484,12.613911193574452,1.3920971851954191
43,13,3,True,1289,638,651,70.31366212432067,10.41695785243229,6.749922871234778,14.325959396846491,1.513428886605334
43,13,4,True,1278,633,645,36.881262518920686,10.246090286434542,3.599544943670339,12.120605514873006,1.4532361772534512
43,13,5,True,1302,663,639,41.603736180012966,10.32777758058343,4.028333861289388,11.176568625486604,1.286970520448962
43,14,1,True,1189,767,422,121.48355213854508,10.945327541317855,11.099124404359925,23.49604994223076,1.6085278711925262
43,14,2,True,1273,858,415,80.42105546332577,10.403273141765128,7.730360847987606,14.007345133479655,1.458354636784059
43,14,3,True,1092,720,372,87.40328612209409,10.58152699435952,8.259988004196796,15.17343639112108,1.8617034149295781
43,14,4,True,1263,858,405,84.55478523883451,10.638933615370275,7.947674853163837,13.703237299159403,1.7251991673281515
43,14,5,True,1061,694,367,117.33086269307577,10.786630727563326,10.877433885307966,12.578635874855085,1.555649797306349
44,1,1,False,1802,1471,331,15.555264476169194,9.724376101334057,1.599615676941892,4.878655857383516,0.7831057215045741
44,1,2,False,1776,1513,263,15.313572283875494,9.71882594920282,1.575660717473284,4.927226569006869,0.7218587186159711
44,1,3,False,1866,1599,267,15.699175908841012,9.700704092601217,1.6183542702463545,5.018353186010662,0.6272059536571846
44,1,4,False,1694,1401,293,17.75861074892856,9.707768921334194,1.8293194733558509,5.169979930273622,0.7950671905818958
44,1,5,False,2738,1449,1289,15.65506635878376,9.685215455847542,1.6163880312200984,5.926460361928669,0.7490767823353949
44,2,1,False,1494,1137,357,21.570349397547442,9.846893692001931,2.190574007431609,10.297306487995403,1.1011192381923913
44,2,2,False,1418,1027,391,28.851648315322365,9.930650330402948,2.9053130788362522,15.116386803080417,1.1879043608203315
44,2,3,False,1356,1055,301,22.29573413822216,9.90535625852328,2.2508765493950347,11.188531721469886,1.2190397290103687
44,2,4,False,1452,1035,417,15.293147014549296,9.769922108035862,1.5653294703667318,7.968496363392218,0.8726096006065428
44,2,5,False,1352,1025,327,21.57545459093838,9.923628154858267,2.174149840412378,9.801236473423936,1.0557538142588876
44,3,1,False,2802,2365,437,32.306382253673135,10.446029923269009,3.092694780701541,12.090448443820435,2.127786904986615
44,3,2,False,2622,2113,509,36.2679207264431,10.5768681187195,3.428984864429232,12.157847103769862,2.414732664110814
44,3,3,False,2658,2275,383,36.14062189356076,10.809393290005668,3.343445916945386,16.97335715358211,2.471780127512303
44,3,4,False,2304,1985,319,33.906616785658535,10.388632582321968,3.2638190333844554,9.983022062816913,2.000221184764127
44,3,5,False,2358,2069,289,32.718926109777286,10.490390454319616,3.118942638127947,10.85614228836388,2.4747121385141146
44,4,1,False,2116,1043,1073,24.318619399598862,9.981560876115001,2.4363543615135024,14.532568482789856,1.154041505573891
44,4,2,False,2000,985,1015,26.660285382776145,9.932966024415139,2.6840205926815015,10.439820210585516,1.1838722353285969
44,4,3,False,1270,1055,215,28.79422147483354,9.91737195704405,2.9034124736390097,10.234466357566289,1.1219713350560867
44,4,4,False,2000,989,1011,34.01495322140997,9.957588141591383,3.4159831380427024,9.809037894362294,1.3392519828067178
44,4,5,False,1362,1025,337,28.276314588754904,9.893965365970432,2.857935470183659,8.962504421349756,1.1214415847650698
44,5,1,False,1882,1523,359,28.676748222295465,10.029970128839482,2.859106041726811,5.9320854139581085,0.7185907272361002
44,5,2,False,1838,1477,361,22.371634270827357,10.12212270119677,2.210172204895379,5.584962060675403,0.7020995032983214
44,5,3,False,1822,1535,287,20.639947575238423,10.064668575856436,2.05073295749083,5.085039128498207,0.7813787861519123
44,5,4,False,1848,1537,311,18.237882475676667,10.122612480397912,1.8016971896313052,9.527516793868406,0.7872698057989467
44,5,5,False,1892,1565,327,25.64969201169453,10.12762008825522,2.532647528525822,6.107051016725289,0.8366615707882633
44,6,1,False,2192,1423,769,26.19323575562136,10.21630968619303,2.563864696210405,12.708290069369736,2.4265824334954087
44,6,2,False,1684,1321,363,22.542750515675742,10.099825203499838,2.2319941225858226,9.285426856483705,2.047909791913774
44,6,3,False,1712,1355,357,21.14231712287015,10.079733639585653,2.0975075193320456,9.030951252448508,1.9348814757636477
44,6,4,False,1708,1393,315,26.417052329937835,10.31742149176056,2.5604316277502126,16.345791478431828,2.647936199903359
44,6,5,False,1876,1525,351,28.212073912256148,10.211870313116107,2.762674516968147,13.682819826883538,2.235186951643476
44,7,1,False,2120,1641,479,24.683371035987253,10.741873207397184,2.2978646774578273,7.987707747174913,2.6659563236556494
44,7,2,False,1988,1723,265,45.118824922997234,10.819159772852627,4.170270689088668,11.165498004605817,2.956582000940489
44,7,3,False,5632,4055,1577,41.189559059428404,10.666295404732297,3.8616555662369283,11.149539478106416,2.7665655160582165
44,7,4,False,1752,1563,189,50.11183647577117,11.83548132515404,4.234034515092153,10.317844751507199,3.303459343190783
44,7,5,False,2084,1699,385,28.397622970514526,10.84696676004954,2.6180243355152113,11.1899771224078,3.0927754526121265
44,8,1,False,1292,975,317,17.44138788432044,9.859637726640715,1.7689684296923174,8.879292188827867,1.0014619455621885
44,8,2,False,1788,1431,357,18.869882656336816,10.083193638831839,1.8714192460761612,6.332827640494233,1.4273072659618247
44,8,3,False,3592,3023,569,28.223134582318576,10.286865477714258,2.7436087908436093,11.033561518534746,1.6215821597203235
44,8,4,False,1806,1521,285,21.164551495578035,10.295121500807543,2.0557845260359535,11.828295749985271,1.7280364769016086
44,8,5,False,2660,1375,1285,27.83714040128277,10.267282646545526,2.7112471071921087,10.555322579713575,1.7986086871487932
44,8,6,False,2736,1843,893,20.009693818002066,10.006066992445541,1.9997561292675312,7.807384976937386,1.2142749316777754
44,9,1,False,1480,1183,297,20.987615623307423,9.876539878839939,2.124996796400581,10.977793336898852,1.0304318619168875
44,9,2,False,1426,1123,303,19.71296133517402,9.857030006963255,1.999888536531734,9.178935532504642,1.174785809477266
44,9,3,False,2032,1205,827,22.32843544469065,9.88886072905259,2.257938101657385,8.402560085164177,1.1132921325987826
44,9,4,False,1490,1175,315,19.487939584443815,9.892926205326129,1.9698862763428966,8.72102808944767,1.1260229372226835
44,9,5,False,1528,1221,307,18.80914615160711,9.781794697922031,1.9228727154101946,5.954853525813535,1.0846276071091137
44,10,1,True,3438,2317,1121,51.60594632714395,10.071995419163464,5.123706289393154,12.226601182738362,0.9847067893060374
44,10,2,True,2306,1137,1169,14.514551329359827,9.758114711424104,1.4874339709793414,6.35104705162272,0.6561011025631464
44,10,3,True,1838,1413,425,65.41471653465122,10.354410465633363,6.31757034247282,11.689373316790446,1.1858095525885106
44,10,4,True,1898,1417,481,54.397081805123975,10.20103997220114,5.332503538858435,8.659903928654938,1.2779601717922184
44,10,5,True,1722,1405,317,72.4427846870217,10.325032547054905,7.016228209132655,7.278957263022169,1.1138274188778485
44,10,6,True,2116,1393,723,79.56934393255727,10.139994317705549,7.84707972815622,10.668165801607346,1.2132306263650614
44,10,7,True,2030,1601,429,77.76465226927897,10.205477295439717,7.6198937043178665,9.3993412396561,1.1224349206749014
44,10,8,True,1706,1407,299,60.69031553349153,10.305692738477005,5.88900882402694,10.020834396218207,1.3180090726960811
44,11,1,True,1614,1219,395,47.15001554144492,10.38578342542752,4.539861228052271,8.216223029923317,1.2148095707968953
44,11,2,True,1910,1485,425,71.29605012684745,10.175620043044466,7.006555841824717,6.388492146865278,1.2452559564495682
44,11,3,True,1738,1443,295,69.19323154219092,10.41389235427351,6.6443198298812005,9.909765378549046,1.3028883631238448
44,11,4,True,2318,1461,857,77.8404616458184,10.35919760611107,7.5141400454372596,10.57127364546341,1.0888451807794124
44,11,5,True,2318,1461,857,77.8404616458184,10.35919760611107,7.5141400454372596,10.57127364546341,1.0888451807794124
44,12,1,True,2418,1535,883,78.94920542674679,10.489767879018478,7.526306231179536,15.212116320124196,1.6997419944623933
44,12,2,True,1612,1347,265,66.41219768904509,10.46775179841085,6.344456661236734,10.714160212168661,1.6228223112996787
44,12,3,True,1530,1345,185,72.26544486685837,10.404699037164702,6.9454622896133476,13.525121673423682,1.6678103661406238
44,12,4,True,2428,1525,903,72.24505773868233,10.633889425878394,6.793850751817098,17.622665952338142,1.4895241993264832
44,12,5,True,2406,1505,901,83.00897938731121,10.474511906197668,7.924854165180437,9.940772859908002,1.606831354810281
44,13,1,True,2686,1453,1233,66.69185395437965,10.088356652850756,6.610774795459496,12.411534367881645,1.2397708158918974
44,13,2,True,2740,1529,1211,40.81680167548942,10.224434612217676,3.992083981523496,11.09143443569487,1.451513902282402
44,13,3,True,2740,1529,1211,40.81680167548942,10.224434612217676,3.992083981523496,11.09143443569487,1.451513902282402
44,13,5,True,2602,1433,1169,88.8325737160328,10.169805570329997,8.734933329290872,8.685141745169972,1.406006369302435
44,13,6,True,1600,1307,293,83.25938513106146,10.245605533849348,8.126350831556639,13.204827048975043,1.4248150572094316
44,14,1,True,2332,1415,917,96.00712681884549,10.625421769694418,9.035606191400207,12.95876394261814,1.4280068862565916
44,14,2,True,2670,1639,1031,75.83962078156966,10.19357290682873,7.439944894725266,10.739933717667384,1.286395954189219
44,14,3,True,1694,1405,289,62.53584940999326,10.262410033102599,6.093680641032641,7.896802401406486,1.205788069468057
44,14,4,True,2288,1427,861,82.39759057578839,10.491278832918495,7.853912931825838,7.800832204247824,1.3561948801629993
44,14,5,True,1774,1437,337,60.6880570428624,10.281245327328692,5.9027924197586135,9.446217660216243,1.274332241120994
45,8,1,False,866,594,272,22.77556755239817,10.244580029906949,2.223182157167766,7.077759061343531,1.8188928784250324
45,10,10,True,948,642,306,68.13985781221528,10.39840641139971,6.552913499513235,19.642642189674643,1.787183172882842
45,10,11,True,789,469,320,58.20333024723589,10.495793558944188,5.545395864058594,14.68734502055112,1.7116770242582138
45,10,12,True,771,456,315,60.114807972431294,10.530731182422622,5.708512246109448,18.614955669955304,1.5722601152520708
45,10,13,True,802,493,309,46.44212266050873,10.376641409784268,4.475641084788903,11.45203198106249,1.4623906202028556
45,10,14,True,802,493,309,46.44212266050873,10.376641409784268,4.475641084788903,11.45203198106249,1.4623906202028556
45,11,1,True,802,493,309,46.44212266050873,10.376641409784268,4.475641084788903,11.45203198106249,1.4623906202028556
45,11,2,True,802,493,309,46.44212266050873,10.376641409784268,4.475641084788903,11.45203198106249,1.4623906202028556
45,11,3,True,802,493,309,46.44212266050873,10.376641409784268,4.475641084788903,11.45203198106249,1.4623906202028556
45,11,4,True,802,493,309,46.44212266050873,10.376641409784268,4.475641084788903,11.45203198106249,1.4623906202028556
45,11,5,True,802,493,309,46.44212266050873,10.376641409784268,4.475641084788903,11.45203198106249,1.4623906202028556
45,12,1,True,802,493,309,46.44212266050873,10.376641409784268,4.475641084788903,11.45203198106249,1.4623906202028556
45,12,2,True,802,493,309,46.44212266050873,10.376641409784268,4.475641084788903,11.45203198106249,1.4623906202028556
45,12,3,True,802,493,309,46.44212266050873,10.376641409784268,4.475641084788903,11.45203198106249,1.4623906202028556
45,12,4,True,802,493,309,46.44212266050873,10.376641409784268,4.475641084788903,11.45203198106249,1.4623906202028556
45,12,5,True,802,493,309,46.44212266050873,10.376641409784268,4.475641084788903,11.45203198106249,1.4623906202028556
45,13,1,True,802,493,309,46.44212266050873,10.376641409784268,4.475641084788903,11.45203198106249,1.4623906202028556
45,13,2,True,802,493,309,46.44212266050873,10.376641409784268,4.475641084788903,11.45203198106249,1.4623906202028556
45,13,3,True,802,493,309,46.44212266050873,10.376641409784268,4.475641084788903,11.45203198106249,1.4623906202028556
45,13,4,True,802,493,309,46.44212266050873,10.376641409784268,4.475641084788903,11.45203198106249,1.4623906202028556
45,13,5,True,802,493,309,46.44212266050873,10.376641409784268,4.475641084788903,11.45203198106249,1.4623906202028556
45,14,1,True,802,493,309,46.44212266050873,10.376641409784268,4.475641084788903,11.45203198106249,1.4623906202028556
45,14,2,True,802,493,309,46.44212266050873,10.376641409784268,4.475641084788903,11.45203198106249,1.4623906202028556
45,14,3,True,802,493,309,46.44212266050873,10.376641409784268,4.475641084788903,11.45203198106249,1.4623906202028556
45,14,4,True,802,493,309,46.44212266050873,10.376641409784268,4.475641084788903,11.45203198106249,1.4623906202028556
45,14,5,True,802,493,309,46.44212266050873,10.376641409784268,4.475641084788903,11.45203198106249,1.4623906202028556
46,1,1,False,2904,2381,523,19.460785407176157,9.945679269073649,1.956707517014238,8.642679444811671,2.1642795737414415
46,1,2,False,2904,2381,523,19.460785407176157,9.945679269073649,1.956707517014238,8.642679444811671,2.1642795737414415
46,1,3,False,2904,2381,523,19.460785407176157,9.945679269073649,1.956707517014238,8.642679444811671,2.1642795737414415
46,1,4,False,2904,2381,523,19.460785407176157,9.945679269073649,1.956707517014238,8.642679444811671,2.1642795737414415
46,1,5,False,2904,2381,523,19.460785407176157,9.945679269073649,1.956707517014238,8.642679444811671,2.1642795737414415
46,2,1,False,2904,2381,523,19.460785407176157,9.945679269073649,1.956707517014238,8.642679444811671,2.1642795737414415
46,2,2,False,2904,2381,523,19.460785407176157,9.945679269073649,1.956707517014238,8.642679444811671,2.1642795737414415
46,2,3,False,2904,2381,523,19.460785407176157,9.945679269073649,1.956707517014238,8.642679444811671,2.1642795737414415
46,2,4,False,2904,2381,523,19.460785407176157,9.945679269073649,1.956707517014238,8.642679444811671,2.1642795737414415
46,2,5,False,2904,2381,523,19.460785407176157,9.945679269073649,1.956707517014238,8.642679444811671,2.1642795737414415
46,3,1,False,2904,2381,523,19.460785407176157,9.945679269073649,1.956707517014238,8.642679444811671,2.1642795737414415
46,3,2,False,2904,2381,523,19.460785407176157,9.945679269073649,1.956707517014238,8.642679444811671,2.1642795737414415
46,3,3,False,2904,2381,523,19.460785407176157,9.945679269073649,1.956707517014238,8.642679444811671,2.1642795737414415
46,3,4,False,2904,2381,523,19.460785407176157,9.945679269073649,1.956707517014238,8.642679444811671,2.1642795737414415
46,3,5,False,2904,2381,523,19.460785407176157,9.945679269073649,1.956707517014238,8.642679444811671,2.1642795737414415
46,4,1,False,2904,2381,523,19.460785407176157,9.945679269073649,1.956707517014238,8.642679444811671,2.1642795737414415
46,4,2,False,2904,2381,523,19.460785407176157,9.945679269073649,1.956707517014238,8.642679444811671,2.1642795737414415
46,4,3,False,2904,2381,523,19.460785407176157,9.945679269073649,1.956707517014238,8.642679444811671,2.1642795737414415
46,4,4,False,2904,2381,523,19.460785407176157,9.945679269073649,1.956707517014238,8.642679444811671,2.1642795737414415
46,4,5,False,2904,2381,523,19.460785407176157,9.945679269073649,1.956707517014238,8.642679444811671,2.1642795737414415
46,5,1,False,2904,2381,523,19.460785407176157,9.945679269073649,1.956707517014238,8.642679444811671,2.1642795737414415
46,5,2,False,2904,2381,523,19.460785407176157,9.945679269073649,1.956707517014238,8.642679444811671,2.1642795737414415
46,5,3,False,2904,2381,523,19.460785407176157,9.945679269073649,1.956707517014238,8.642679444811671,2.1642795737414415
46,5,4,False,2904,2381,523,19.460785407176157,9.945679269073649,1.956707517014238,8.642679444811671,2.1642795737414415
46,5,5,False,2904,2381,523,19.460785407176157,9.945679269073649,1.956707517014238,8.642679444811671,2.1642795737414415
46,6,1,False,2904,2381,523,19.460785407176157,9.945679269073649,1.956707517014238,8.642679444811671,2.1642795737414415
46,6,2,False,2904,2381,523,19.460785407176157,9.945679269073649,1.956707517014238,8.642679444811671,2.1642795737414415
46,6,3,False,2904,2381,523,19.460785407176157,9.945679269073649,1.956707517014238,8.642679444811671,2.1642795737414415
46,6,4,False,2904,2381,523,19.460785407176157,9.945679269073649,1.956707517014238,8.642679444811671,2.1642795737414415
46,6,5,False,2904,2381,523,19.460785407176157,9.945679269073649,1.956707517014238,8.642679444811671,2.1642795737414415
46,7,1,False,1366,959,407,25.963218432352182,10.279456104247643,2.5257385355599076,7.894667145633597,2.1161120125934034
46,7,2,False,1366,959,407,25.963218432352182,10.279456104247643,2.5257385355599076,7.894667145633597,2.1161120125934034
46,7,3,False,1366,959,407,25.963218432352182,10.279456104247643,2.5257385355599076,7.894667145633597,2.1161120125934034
46,7,4,False,1366,959,407,25.963218432352182,10.279456104247643,2.5257385355599076,7.894667145633597,2.1161120125934034
46,7,5,False,1366,959,407,25.963218432352182,10.279456104247643,2.5257385355599076,7.894667145633597,2.1161120125934034
46,7,6,False,1366,959,407,25.963218432352182,10.279456104247643,2.5257385355599076,7.894667145633597,2.1161120125934034
46,8,1,False,1396,1153,243,18.79103833840316,10.34630496735929,1.8162076586301474,5.606995188077958,1.8516123349684164
46,8,2,False,1396,1153,243,18.79103833840316,10.34630496735929,1.8162076586301474,5.606995188077958,1.8516123349684164
46,8,3,False,1396,1153,243,18.79103833840316,10.34630496735929,1.8162076586301474,5.606995188077958,1.8516123349684164
46,8,4,False,1396,1153,243,18.79103833840316,10.34630496735929,1.8162076586301474,5.606995188077958,1.8516123349684164
46,8,5,False,1396,1153,243,18.79103833840316,10.34630496735929,1.8162076586301474,5.606995188077958,1.8516123349684164
46,9,1,False,691,554,137,16.709491604330672,10.184880663172803,1.6406173170338494,4.979178922315233,1.2636226674293491
46,9,2,False,691,554,137,16.709491604330672,10.184880663172803,1.6406173170338494,4.979178922315233,1.2636226674293491
46,9,3,False,691,554,137,16.709491604330672,10.184880663172803,1.6406173170338494,4.979178922315233,1.2636226674293491
46,9,4,False,691,554,137,16.709491604330672,10.184880663172803,1.6406173170338494,4.979178922315233,1.2636226674293491
46,9,5,False,691,554,137,16.709491604330672,10.184880663172803,1.6406173170338494,4.979178922315233,1.2636226674293491
46,10,2,True,1600,1417,183,42.73984203321499,10.545791156618556,4.0527866859816895,8.536005777087231,1.3197168906473007
46,10,3,True,1122,809,313,39.92214664745625,10.78993615193953,3.6999428030239705,8.874567254841907,1.5229293166915427
46,10,4,True,1172,903,269,56.1534386355595,10.807614058778702,5.195729443909078,11.658550035062119,1.7700694879510057
46,10,5,True,1176,807,369,37.78558602970676,10.88160422590111,3.4724278893586975,10.219983843025005,1.773741668646074
46,11,1,True,1586,1389,197,75.21697291313096,10.549405377937939,7.12997274700744,9.324485996949875,1.211382196505079
46,11,3,True,1112,893,219,99.98201783802087,11.149351899754697,8.96751834970295,9.9105715614253,1.556736481848147
46,11,4,True,1058,837,221,76.22220025706656,11.049982156731499,6.897947807241802,10.815285826515085,1.4917936947204522
46,11,5,True,1058,837,221,76.22220025706656,11.049982156731499,6.897947807241802,10.815285826515085,1.4917936947204522
46,12,1,True,1218,937,281,60.84689049561283,10.552351623035497,5.766192467006482,16.312259836773922,2.004045665101349
46,12,2,True,1218,937,281,60.84689049561283,10.552351623035497,5.766192467006482,16.312259836773922,2.004045665101349
46,12,3,True,1218,937,281,60.84689049561283,10.552351623035497,5.766192467006482,16.312259836773922,2.004045665101349
46,12,4,True,1218,937,281,60.84689049561283,10.552351623035497,5.766192467006482,16.312259836773922,2.004045665101349
46,12,5,True,1218,937,281,60.84689049561283,10.552351623035497,5.766192467006482,16.312259836773922,2.004045665101349
46,13,1,True,2434,1513,921,46.01993926947312,10.370201449418516,4.43770928169158,9.718192654526908,1.4464279612994033
46,13,2,True,2434,1513,921,46.01993926947312,10.370201449418516,4.43770928169158,9.718192654526908,1.4464279612994033
46,13,3,True,2434,1513,921,46.01993926947312,10.370201449418516,4.43770928169158,9.718192654526908,1.4464279612994033
46,13,4,True,2434,1513,921,46.01993926947312,10.370201449418516,4.43770928169158,9.718192654526908,1.4464279612994033
46,13,5,True,2434,1513,921,46.01993926947312,10.370201449418516,4.43770928169158,9.718192654526908,1.4464279612994033
46,14,1,True,557,430,127,58.89505932350846,11.724114040734845,5.023412350702698,7.116390488815207,2.511360256036443
46,14,2,True,557,430,127,58.89505932350846,11.724114040734845,5.023412350702698,7.116390488815207,2.511360256036443
46,14,3,True,557,430,127,58.89505932350846,11.724114040734845,5.023412350702698,7.116390488815207,2.511360256036443
46,14,4,True,557,430,127,58.89505932350846,11.724114040734845,5.023412350702698,7.116390488815207,2.511360256036443
46,14,5,True,557,430,127,58.89505932350846,11.724114040734845,5.023412350702698,7.116390488815207,2.511360256036443
