smv_max,smv_std,smv_range,duration_s,n_impact_peaks,gyro_max,gyro_std,total_rotation_deg,jerk_max,subject,activity_id,activity_name,trial,trans_f1,cnn_f1,delta_f1,winner
60.88774751111611,6.0790049142585785,56.869411163178256,33.666666666666664,7,11.801582543728298,2.117373590950003,48.51138846354669,1872.2022964758996,46,10,Backfall,1,88.05,76.5,11.549999999999997,Transformer
42.73984203321499,3.0720614391928796,37.5994002461616,53.333333333333336,11,8.536005777087231,1.5146970355089084,62.334627801574165,1033.5613806643973,46,10,Backfall,2,88.05,76.5,11.549999999999997,Transformer
39.92214664745625,3.3945428090511407,36.015654516282815,37.4,6,8.874567254841907,1.971204675415714,41.06832724011527,508.77647620271784,46,10,Backfall,3,88.05,76.5,11.549999999999997,Transformer
56.1534386355595,4.115319325539807,53.31637688213905,39.06666666666667,10,11.658550035062119,1.9673204774575386,53.279091587325276,1115.9178051960803,46,10,Backfall,4,88.05,76.5,11.549999999999997,Transformer
37.78558602970676,3.967520777088384,33.616904164957326,39.2,11,10.219983843025005,2.2347243091683557,47.713650886579394,664.9221312230796,46,10,Backfall,5,88.05,76.5,11.549999999999997,Transformer
75.21697291313096,4.564279840789808,74.06311317620097,52.86666666666667,16,9.324485996949875,1.40819863166377,56.08699569818516,2306.3147990538096,46,11,Frontfall,1,88.05,76.5,11.549999999999997,Transformer
82.60814954062162,5.221343141798377,81.4356793720428,38.53333333333333,13,10.658211438635675,1.714482640173768,48.31795536860471,2340.2744974582156,46,11,Frontfall,2,88.05,76.5,11.549999999999997,Transformer
99.98201783802087,6.276101276541786,96.18732921989799,37.06666666666667,11,9.9105715614253,1.9218852504146204,46.33885594301318,2517.0605024204456,46,11,Frontfall,3,88.05,76.5,11.549999999999997,Transformer
76.22220025706656,5.19404652233996,74.55805204133637,35.266666666666666,15,10.815285826515085,1.6910517489582826,41.621044082700614,1821.9028635269615,46,11,Frontfall,4,88.05,76.5,11.549999999999997,Transformer
76.22220025706656,5.19404652233996,74.55805204133637,35.266666666666666,15,10.815285826515085,1.6910517489582826,41.621044082700614,1821.9028635269615,46,11,Frontfall,5,88.05,76.5,11.549999999999997,Transformer
60.84689049561283,4.883401491742562,58.98242472542169,40.6,11,16.312259836773922,2.0558431017809777,62.593026273332136,1266.6383943200872,46,12,Leftfall,1,88.05,76.5,11.549999999999997,Transformer
60.84689049561283,4.883401491742562,58.98242472542169,40.6,11,16.312259836773922,2.0558431017809777,62.593026273332136,1266.6383943200872,46,12,Leftfall,2,88.05,76.5,11.549999999999997,Transformer
60.84689049561283,4.883401491742562,58.98242472542169,40.6,11,16.312259836773922,2.0558431017809777,62.593026273332136,1266.6383943200872,46,12,Leftfall,3,88.05,76.5,11.549999999999997,Transformer
60.84689049561283,4.883401491742562,58.98242472542169,40.6,11,16.312259836773922,2.0558431017809777,62.593026273332136,1266.6383943200872,46,12,Leftfall,4,88.05,76.5,11.549999999999997,Transformer
60.84689049561283,4.883401491742562,58.98242472542169,40.6,11,16.312259836773922,2.0558431017809777,62.593026273332136,1266.6383943200872,46,12,Leftfall,5,88.05,76.5,11.549999999999997,Transformer
46.01993926947312,3.2510108833224742,42.00834739936849,81.13333333333334,10,9.718192654526908,1.716270803373322,72.94818351486657,601.768423204914,46,13,Rightfall,1,88.05,76.5,11.549999999999997,Transformer
46.01993926947312,3.2510108833224742,42.00834739936849,81.13333333333334,10,9.718192654526908,1.716270803373322,72.94818351486657,601.768423204914,46,13,Rightfall,2,88.05,76.5,11.549999999999997,Transformer
46.01993926947312,3.2510108833224742,42.00834739936849,81.13333333333334,10,9.718192654526908,1.716270803373322,72.94818351486657,601.768423204914,46,13,Rightfall,3,88.05,76.5,11.549999999999997,Transformer
46.01993926947312,3.2510108833224742,42.00834739936849,81.13333333333334,10,9.718192654526908,1.716270803373322,72.94818351486657,601.768423204914,46,13,Rightfall,4,88.05,76.5,11.549999999999997,Transformer
46.01993926947312,3.2510108833224742,42.00834739936849,81.13333333333334,10,9.718192654526908,1.716270803373322,72.94818351486657,601.768423204914,46,13,Rightfall,5,88.05,76.5,11.549999999999997,Transformer
58.89505932350846,6.166890986513452,56.94469235214795,18.566666666666666,8,7.116390488815207,1.8283061465350487,35.99616366985568,2047.4539797360014,46,14,Rotatefall,1,88.05,76.5,11.549999999999997,Transformer
58.89505932350846,6.166890986513452,56.94469235214795,18.566666666666666,8,7.116390488815207,1.8283061465350487,35.99616366985568,2047.4539797360014,46,14,Rotatefall,2,88.05,76.5,11.549999999999997,Transformer
58.89505932350846,6.166890986513452,56.94469235214795,18.566666666666666,8,7.116390488815207,1.8283061465350487,35.99616366985568,2047.4539797360014,46,14,Rotatefall,3,88.05,76.5,11.549999999999997,Transformer
58.89505932350846,6.166890986513452,56.94469235214795,18.566666666666666,8,7.116390488815207,1.8283061465350487,35.99616366985568,2047.4539797360014,46,14,Rotatefall,4,88.05,76.5,11.549999999999997,Transformer
58.89505932350846,6.166890986513452,56.94469235214795,18.566666666666666,8,7.116390488815207,1.8283061465350487,35.99616366985568,2047.4539797360014,46,14,Rotatefall,5,88.05,76.5,11.549999999999997,Transformer
50.7169442420427,3.8242775702496754,50.23171426746667,21.466666666666665,11,8.285961165111143,1.910226239877439,44.32592226046115,1249.6181771671145,36,10,Backfall,1,88.52,80.0,8.519999999999996,Transformer
39.86575924719638,3.532030917082112,38.07739851426128,10.033333333333333,7,5.508685099605032,1.2661504390610876,15.418849160267207,629.0717677484196,36,10,Backfall,2,88.52,80.0,8.519999999999996,Transformer
22.15998780780064,2.364076571909579,19.940928900535248,11.033333333333333,5,13.59810626192963,2.170640445479107,25.660926196276197,463.0305874217435,36,10,Backfall,3,88.52,80.0,8.519999999999996,Transformer
21.99237254801002,2.413673309985514,18.74464572471013,12.333333333333334,6,8.757222417441595,1.7550343734524352,24.78336185376476,485.4136933692158,36,10,Backfall,4,88.52,80.0,8.519999999999996,Transformer
21.12685272141375,2.5145947851813872,17.95366941325159,8.3,4,8.380307299154943,1.6207721294102424,9.472249417072176,311.4610954982537,36,10,Backfall,5,88.52,80.0,8.519999999999996,Transformer
29.02358677131834,3.2850138365131736,24.704286217041638,4.833333333333333,2,4.8081851230015955,0.8668827098397437,6.144667177409802,532.0731961955773,36,11,Frontfall,1,88.52,80.0,8.519999999999996,Transformer
18.49545230050855,2.99121911213718,15.447253448358111,5.233333333333333,4,6.003544011064472,1.2789569533785685,10.812354096844228,328.52645684316343,36,11,Frontfall,2,88.52,80.0,8.519999999999996,Transformer
31.49510659846437,2.7894329981397044,27.833798546195563,10.8,7,7.064583786059599,1.1397637823055882,18.039666633217134,818.2480972685082,36,11,Frontfall,3,88.52,80.0,8.519999999999996,Transformer
14.239620422175896,0.7114433513935705,7.115896920438959,14.033333333333333,0,9.449582643541822,1.2847981465516816,12.077828550981145,403.4668964855713,49,10,Backfall,1,93.42,87.58,5.840000000000003,Transformer
34.08023097654711,2.2850010316927514,29.995699562786555,11.766666666666667,2,5.370190511555267,1.321970075503475,8.683014433917231,953.7371594906464,49,10,Backfall,2,93.42,87.58,5.840000000000003,Transformer
37.25794173672024,3.6581933184765894,35.831587152865204,9.933333333333334,6,8.258460458322762,1.7923106719811528,11.60907228039185,1099.4902949308143,49,10,Backfall,3,93.42,87.58,5.840000000000003,Transformer
38.806452131248996,3.560540742325184,36.89123001182822,9.9,6,7.737960736246215,1.6213111530101512,10.28768785886609,731.1566437066856,49,10,Backfall,4,93.42,87.58,5.840000000000003,Transformer
30.463159077103423,2.8272631000415003,26.557470271266613,8.966666666666667,4,7.032985988464012,1.6188779355099798,12.570364902140284,539.4015708710539,49,10,Backfall,5,93.42,87.58,5.840000000000003,Transformer
84.21640033238013,6.345620431016813,81.59893953178282,10.333333333333334,6,15.179728829615675,1.8996870224643738,9.488650215207068,2711.9415070080463,49,11,Frontfall,1,93.42,87.58,5.840000000000003,Transformer
54.231405196119546,3.5454550011511716,51.24476350115932,10.666666666666666,3,10.97177025230171,1.973761022330915,9.563069005552874,1636.989823292046,49,11,Frontfall,2,93.42,87.58,5.840000000000003,Transformer
85.72636859858594,8.23683500996232,79.37803843171955,7.566666666666666,1,16.36075772190292,1.530320670358992,6.583731305721027,4001.350378909157,49,11,Frontfall,4,93.42,87.58,5.840000000000003,Transformer
103.53413578868924,8.511721527155505,97.49455286555808,8.5,3,9.991724968220487,1.4970237582788397,7.829146522657453,3006.9363873062593,49,11,Frontfall,5,93.42,87.58,5.840000000000003,Transformer
57.99197871714264,3.8621486193256582,53.50022291270932,7.733333333333333,2,10.183018157624181,1.174357276307911,6.841242714743454,1331.7017898162514,49,12,Leftfall,2,93.42,87.58,5.840000000000003,Transformer
114.44396162347758,7.674157653849786,110.9382629151979,7.466666666666667,5,10.734651313699855,2.2802776648332417,11.497826118751043,3586.0256009469026,49,12,Leftfall,3,93.42,87.58,5.840000000000003,Transformer
40.67452525951806,3.5986414307402086,37.15349492623366,8.366666666666667,3,11.835634703414053,1.4084283500881352,6.510315056731656,805.4063709298244,49,12,Leftfall,4,93.42,87.58,5.840000000000003,Transformer
37.34990668394565,2.7576253577769068,34.96303553871819,8.733333333333333,2,9.092524356406276,1.5990133125596846,7.53971106915744,1620.394099926871,49,12,Leftfall,5,93.42,87.58,5.840000000000003,Transformer
51.09486208167656,4.294908257772482,46.348239355887685,8.466666666666667,3,10.325910932147407,1.5198429817487653,8.88656884658573,1305.507367008906,49,13,Rightfall,1,93.42,87.58,5.840000000000003,Transformer
39.118703617034996,3.1421844609761482,35.28040923665559,7.8,2,8.628421905995252,1.6588454523650622,9.064311567907888,599.2303319122755,49,13,Rightfall,2,93.42,87.58,5.840000000000003,Transformer
33.80753320127659,3.5030648598358898,29.068675210367743,8.566666666666666,3,8.328208024844152,1.9552309000926584,11.802843051600451,705.4159070170697,49,13,Rightfall,3,93.42,87.58,5.840000000000003,Transformer
45.33561074158572,2.6051642614739725,39.90785266720935,15.566666666666666,5,16.61433639093758,2.38927122002774,16.86771616132767,1420.250473295309,49,13,Rightfall,4,93.42,87.58,5.840000000000003,Transformer
50.0354974910015,3.976827985978238,45.56100483508294,8.1,3,8.605807161449224,2.2137301605531863,12.405502245961072,1027.5527721687668,49,13,Rightfall,5,93.42,87.58,5.840000000000003,Transformer
49.97774077149572,3.4831923668356493,47.983571057841075,9.933333333333334,3,13.83025699578519,2.2367919938661562,13.664898518306613,1262.807485342855,49,14,Rotatefall,1,93.42,87.58,5.840000000000003,Transformer
57.02649407993281,5.700279315138782,51.99619065715862,9.166666666666666,5,15.878289431710481,2.781039564204695,14.741620185724388,1786.1930587955671,49,14,Rotatefall,2,93.42,87.58,5.840000000000003,Transformer
48.020556837371316,5.255368536267128,44.6129420135878,8.733333333333333,5,13.89279859502909,2.7729254627158406,15.908790001719542,1393.4829438925742,49,14,Rotatefall,3,93.42,87.58,5.840000000000003,Transformer
73.22450509385564,6.957092012932611,69.47118877272956,8.366666666666667,5,12.590615411633754,2.7277590476409537,15.599514128060463,2187.7435323888235,49,14,Rotatefall,4,93.42,87.58,5.840000000000003,Transformer
63.043562892454524,6.19700383425466,60.56776710090877,9.466666666666667,5,13.858674737554585,2.689662069346796,15.589858452464656,1770.4649114698327,49,14,Rotatefall,5,93.42,87.58,5.840000000000003,Transformer
10.132647100227908,0.0857137458311562,0.7602371419720502,5.0,0,0.30915293692945134,0.05827649316578628,0.4020059096571654,13.79698920622783,54,10,Backfall,2,94.97,89.16,5.810000000000002,Transformer
58.44555639943266,3.7280726453986732,55.04830135329783,9.066666666666666,3,23.607064486645253,2.7482911797571523,13.065964449608959,1681.6700852375516,54,10,Backfall,4,94.97,89.16,5.810000000000002,Transformer
101.54598841346377,7.882596496498504,98.09736225306642,10.0,4,23.256010284206504,2.816950689932839,14.729286482953233,3173.495412199806,54,10,Backfall,5,94.97,89.16,5.810000000000002,Transformer
79.97446535979259,6.221782959357479,78.45583589003623,8.8,4,14.39131200878788,2.7096555167132776,13.505267382197632,3117.06967529706,54,11,Frontfall,1,94.97,89.16,5.810000000000002,Transformer
176.9921754854587,11.247344643805693,172.014445548631,8.133333333333333,4,19.619518068397756,3.1308814254566615,12.703639295904647,5520.892893321285,54,11,Frontfall,2,94.97,89.16,5.810000000000002,Transformer
21.849728990871743,2.4409505716702458,17.92177474329293,6.2,2,16.033478181651756,2.4657842617677073,7.015288834578424,472.01953232079535,54,11,Frontfall,3,94.97,89.16,5.810000000000002,Transformer
59.11506866650644,4.693301405941621,56.64501379219958,9.666666666666666,4,12.732764204516384,2.202729697821069,11.640387013968029,2524.135911193243,54,11,Frontfall,4,94.97,89.16,5.810000000000002,Transformer
47.58977577869749,4.774058360480145,45.377201267515595,8.733333333333333,6,10.740435925881778,1.9864179748912443,10.884334418077612,1935.9975321614315,54,11,Frontfall,5,94.97,89.16,5.810000000000002,Transformer
36.03468429745142,3.551752185845341,34.45808769121346,8.933333333333334,5,16.573140052819856,2.6491330635276533,13.605938477718547,1234.7332665323306,54,12,Leftfall,1,94.97,89.16,5.810000000000002,Transformer
77.72114813984699,4.63238820303508,73.21243765014265,9.666666666666666,3,25.8728248565222,2.848898858795719,12.95518246263294,2830.290435164749,54,12,Leftfall,2,94.97,89.16,5.810000000000002,Transformer
83.79709970755137,6.1770059366273795,80.03014335612696,8.466666666666667,4,16.294500239948427,2.522994483651065,12.088483935067377,2718.358075775671,54,12,Leftfall,3,94.97,89.16,5.810000000000002,Transformer
87.60487017868553,5.7571857910126765,84.35014271340239,8.7,4,17.829045633884952,2.6384419074116545,12.558993051747995,2926.0557091331953,54,12,Leftfall,4,94.97,89.16,5.810000000000002,Transformer
112.73822050825123,8.660219319474606,109.64544598020767,7.766666666666667,6,16.550515261953496,2.5974472771637247,13.59106501988261,3862.059396527827,54,12,Leftfall,5,94.97,89.16,5.810000000000002,Transformer
28.417815765664816,3.3994547043847136,24.732557551561975,7.866666666666666,3,12.698880531404436,2.281721504857642,11.265753222511542,584.6682456307224,54,13,Rightfall,1,94.97,89.16,5.810000000000002,Transformer
23.911689706465083,2.622771377390015,18.25347090500984,7.733333333333333,2,17.352868822804346,2.2453409653359238,10.253602467673282,499.3118372749085,54,13,Rightfall,2,94.97,89.16,5.810000000000002,Transformer
35.497345624240445,2.778537429063984,31.69215371018516,7.6,2,11.992538717986053,2.2711630366738427,10.083302314245712,790.8967585792242,54,13,Rightfall,3,94.97,89.16,5.810000000000002,Transformer
38.16718654116786,3.755924580975416,35.43632684285383,7.766666666666667,3,18.48984591616841,2.5396834464284175,11.44483350365649,871.1887466482118,54,13,Rightfall,4,94.97,89.16,5.810000000000002,Transformer
39.46629106408772,3.3623797996849594,33.480736177113215,8.566666666666666,3,12.478694507905717,2.237815961599427,11.072193100195568,1381.826867186925,54,13,Rightfall,5,94.97,89.16,5.810000000000002,Transformer
47.26433114109483,3.7010244981808973,43.092001583994794,8.533333333333333,3,21.54166877834311,2.4238555624173297,13.33085259958866,1575.5320026742186,54,14,Rotatefall,1,94.97,89.16,5.810000000000002,Transformer
92.54935147413859,6.71179913610633,87.78975877404037,8.0,2,16.36081925639748,2.942002870891487,16.259912405793198,3011.1497244431853,54,14,Rotatefall,2,94.97,89.16,5.810000000000002,Transformer
88.96647232203328,5.610804419525021,83.96529305508645,9.033333333333333,3,12.6541741577907,2.2703721953241875,13.231546628758151,2776.800898262641,54,14,Rotatefall,3,94.97,89.16,5.810000000000002,Transformer
56.55703621391554,4.673115656674378,50.720443583732575,9.4,4,11.771403910310442,2.1873945884669346,13.041084476320277,1854.442474102916,54,14,Rotatefall,4,94.97,89.16,5.810000000000002,Transformer
26.163405094928773,2.655861389973972,20.390296007971774,6.5,3,15.433118410705028,2.5900120729277063,9.971147602803873,688.7156095359213,54,14,Rotatefall,5,94.97,89.16,5.810000000000002,Transformer
10.122969056474638,0.06412002813867353,0.6846078693108826,6.5,0,0.32620136078508916,0.05270428556290194,0.2521452662692491,122.36811045255871,62,10,Backfall,1,97.56,92.31,5.25,Transformer
50.917178305972776,3.76323326811707,46.48776205526874,8.566666666666666,5,16.04864386385772,1.9920142539728494,10.603943905327858,1313.9816649680472,62,10,Backfall,2,97.56,92.31,5.25,Transformer
34.41227793909083,3.031297586780192,28.641345264962297,8.1,4,10.649307443528661,1.9746341793533517,9.428015705044084,569.3356640491876,62,10,Backfall,3,97.56,92.31,5.25,Transformer
30.440680161843087,2.636950034964465,24.482487331509216,7.233333333333333,3,10.85405762206216,1.986442680328011,8.35399398572931,627.7146991304783,62,10,Backfall,4,97.56,92.31,5.25,Transformer
33.35386871541674,3.0559552142379096,28.103119796448063,7.2,2,8.537586055372067,1.5754315587973573,7.735482249029671,878.7838344729537,62,10,Backfall,5,97.56,92.31,5.25,Transformer
69.45356806559512,5.938091524378694,68.20091944217522,8.1,3,6.468477706297669,1.0458266347003466,7.036960541703252,2935.7389782751516,62,11,Frontfall,1,97.56,92.31,5.25,Transformer
70.1621488453568,6.194264203054357,67.20341749459972,7.0,1,19.722810265230898,1.713537977413074,6.856327102756607,2503.5665576509527,62,11,Frontfall,2,97.56,92.31,5.25,Transformer
12.38243806313402,0.5221070359865827,5.256977733574651,12.766666666666667,0,5.592300766165121,0.704737806036998,4.796288195398418,190.6763887015398,62,11,Frontfall,3,97.56,92.31,5.25,Transformer
84.46447118912886,5.956302501494979,79.92717108748953,7.133333333333334,1,11.080853630360002,1.2717939245993555,5.454957722328271,2945.44793362407,62,11,Frontfall,4,97.56,92.31,5.25,Transformer
95.5175029686318,6.723042353726887,91.77006240204737,7.3,5,8.868555183743624,1.5047878764037983,6.4776585831782585,3750.101052498018,62,11,Frontfall,5,97.56,92.31,5.25,Transformer
41.587929937964574,3.311382945316881,38.247460707027756,6.966666666666667,5,12.924879676285853,1.6355427661434043,7.128703571321897,958.8698169860917,62,12,Leftfall,1,97.56,92.31,5.25,Transformer
44.14213729337735,3.1900768556122503,39.64632740823123,6.433333333333334,1,15.888115038541802,1.6557881599333943,5.698987849923837,1440.3675477765014,62,12,Leftfall,2,97.56,92.31,5.25,Transformer
50.682503789252074,3.6208963171506876,48.89691479656627,6.466666666666667,2,8.39771832082948,1.4400439656045882,6.128671037188803,1477.6593985748023,62,12,Leftfall,3,97.56,92.31,5.25,Transformer
40.10381548688459,3.195855987533157,37.84985112605866,6.0,2,8.278574022964646,1.4942255129891924,5.8427684106731785,662.7967669472893,62,12,Leftfall,4,97.56,92.31,5.25,Transformer
36.915611294164975,3.658225221772541,34.62010366998231,6.466666666666667,2,8.018220280715392,1.4605315094660654,6.001248964687733,1019.5223606306697,62,12,Leftfall,5,97.56,92.31,5.25,Transformer
24.783474757442146,2.2765221830386673,19.244319113813106,6.3,1,9.85428362207647,1.3484403472192648,4.947429245882846,535.7457999099466,62,13,Rightfall,1,97.56,92.31,5.25,Transformer
26.08577302911409,2.192586269677655,21.66630705392964,6.366666666666666,1,10.092859384781473,1.4577828774658905,5.2861233865690735,592.0601229678915,62,13,Rightfall,2,97.56,92.31,5.25,Transformer
38.78414050501032,3.115015968180348,33.4041715569608,6.133333333333334,1,10.268961437758085,1.4374303168557123,4.7764754831528835,718.340297877511,62,13,Rightfall,3,97.56,92.31,5.25,Transformer
21.833855385996678,2.1515083450066412,14.681163910599636,6.366666666666666,2,7.876886566765161,1.190769459463856,5.785724333657269,438.80318816675197,62,13,Rightfall,4,97.56,92.31,5.25,Transformer
46.97023258532023,3.889261320077916,42.47697017916877,7.933333333333334,1,10.760875289676507,1.403287797952343,5.155071504368487,1038.9771833550474,62,13,Rightfall,5,97.56,92.31,5.25,Transformer
100.49167037720805,10.248639341648868,95.08588624072378,7.566666666666666,4,10.26346566726381,2.2105054493043035,9.08055423117383,4049.4431452863882,62,14,Rotatefall,1,97.56,92.31,5.25,Transformer
73.05446724057798,5.163699906149363,71.6732816989389,6.6,4,7.116012488414977,1.95401120474828,8.227877344543414,3090.1560040259724,62,14,Rotatefall,2,97.56,92.31,5.25,Transformer
65.54412210602858,6.070325173038319,61.68145292779147,6.9,4,7.815666340503955,1.8467824922694054,8.756310374986583,2799.7776352071464,62,14,Rotatefall,3,97.56,92.31,5.25,Transformer
71.86132134286049,6.2467815453168845,66.9465807703922,6.433333333333334,3,14.681374258108013,2.280658815007048,9.006344431266257,2736.5097665276144,62,14,Rotatefall,4,97.56,92.31,5.25,Transformer
80.33207801543557,7.92842143465882,75.50278458885836,6.333333333333333,5,9.202707851629011,2.18767889683515,9.298673532600482,3679.5897394133785,62,14,Rotatefall,5,97.56,92.31,5.25,Transformer
51.60594632714395,2.970520554415251,49.35699093668451,114.6,20,12.226601182738362,1.3759041911628598,76.05218769406962,1116.5796829063001,44,10,Backfall,1,89.06,83.91,5.150000000000006,Transformer
14.514551329359827,0.9835453252667677,8.2220561837621,76.86666666666666,0,6.35104705162272,1.0250668532840497,24.866231787143246,403.9841666131516,44,10,Backfall,2,89.06,83.91,5.150000000000006,Transformer
65.41471653465122,4.327165804415309,63.5722333347251,61.266666666666666,17,11.689373316790446,1.3905498237772476,55.85162992691885,1368.0667732436034,44,10,Backfall,3,89.06,83.91,5.150000000000006,Transformer
54.397081805123975,3.7523263602840125,52.49567445721251,63.266666666666666,15,8.659903928654938,1.3861890018259626,60.36231878098579,1356.0382533499392,44,10,Backfall,4,89.06,83.91,5.150000000000006,Transformer
72.4427846870217,4.4044134775233035,71.118462267451,57.4,21,7.278957263022169,1.278130658683642,52.164250784112575,2067.331336822875,44,10,Backfall,5,89.06,83.91,5.150000000000006,Transformer
79.56934393255727,3.779988945675864,78.73219289616848,70.53333333333333,16,10.668165801607346,1.5603776643355327,56.33434208421769,2112.5123834580095,44,10,Backfall,6,89.06,83.91,5.150000000000006,Transformer
77.76465226927897,4.446885021197852,75.48109057289588,67.66666666666667,9,9.3993412396561,1.4385011872841196,59.900610266683906,2437.3855411739737,44,10,Backfall,7,89.06,83.91,5.150000000000006,Transformer
60.69031553349153,4.263896668757366,58.6534530629638,56.86666666666667,16,10.020834396218207,1.535371498834591,61.8146255094462,1748.4542453562958,44,10,Backfall,8,89.06,83.91,5.150000000000006,Transformer
47.15001554144492,3.6905333315105775,44.96091912559558,53.8,15,8.216223029923317,1.3196127050340518,49.36176222671384,1870.2136312327966,44,11,Frontfall,1,89.06,83.91,5.150000000000006,Transformer
71.29605012684745,3.3358976024105975,67.05449060487743,63.666666666666664,6,6.388492146865278,1.2038049822664119,61.64016984425363,1955.4044670043863,44,11,Frontfall,2,89.06,83.91,5.150000000000006,Transformer
69.19323154219092,3.9477631578396983,67.91446817507965,57.93333333333333,12,9.909765378549046,1.302138727742689,62.66893026625693,1976.9826036570398,44,11,Frontfall,3,89.06,83.91,5.150000000000006,Transformer
77.8404616458184,4.689879057059061,76.99533863692632,77.26666666666667,14,10.57127364546341,1.274320167395238,53.02676030395738,1792.9880008440393,44,11,Frontfall,4,89.06,83.91,5.150000000000006,Transformer
77.8404616458184,4.689879057059061,76.99533863692632,77.26666666666667,14,10.57127364546341,1.274320167395238,53.02676030395738,1792.9880008440393,44,11,Frontfall,5,89.06,83.91,5.150000000000006,Transformer
78.94920542674679,5.28434079526547,77.26048046700726,80.6,25,15.212116320124196,2.0579676318110964,86.97013204999244,3468.4146110311685,44,12,Leftfall,1,89.06,83.91,5.150000000000006,Transformer
66.41219768904509,4.3678622842744685,65.0242202746355,53.733333333333334,25,10.714160212168661,1.9079427001538962,72.86472177735557,1648.6640367996188,44,12,Leftfall,2,89.06,83.91,5.150000000000006,Transformer
72.26544486685837,4.783180665765184,69.99359983754262,51.0,21,13.525121673423682,1.8348943735733163,74.77349808197131,1943.1181069950248,44,12,Leftfall,3,89.06,83.91,5.150000000000006,Transformer
72.24505773868233,5.599066212041134,69.79031219672584,80.93333333333334,24,17.622665952338142,1.8627589748425595,75.71748013242956,2003.2281291674283,44,12,Leftfall,4,89.06,83.91,5.150000000000006,Transformer
83.00897938731121,5.685672931284076,80.44006994989518,80.2,23,9.940772859908002,1.6399208851574962,80.60937296631576,4231.807010561974,44,12,Leftfall,5,89.06,83.91,5.150000000000006,Transformer
66.69185395437965,3.752838072302335,64.62789022927684,89.53333333333333,15,12.411534367881645,1.606582170224617,60.0462331830309,2117.2227820782773,44,13,Rightfall,1,89.06,83.91,5.150000000000006,Transformer
40.81680167548942,3.182325744273623,38.23855886737558,91.33333333333333,14,11.09143443569487,1.6143684432246408,73.97882521965975,595.1321001821914,44,13,Rightfall,2,89.06,83.91,5.150000000000006,Transformer
40.81680167548942,3.182325744273623,38.23855886737558,91.33333333333333,14,11.09143443569487,1.6143684432246408,73.97882521965975,595.1321001821914,44,13,Rightfall,3,89.06,83.91,5.150000000000006,Transformer
88.8325737160328,4.382005374360651,88.2943066882682,86.73333333333333,18,8.685141745169972,1.4531211307515177,67.16023757367964,2159.8313818050306,44,13,Rightfall,5,89.06,83.91,5.150000000000006,Transformer
83.25938513106146,4.387510228101664,81.8093199464537,53.333333333333336,11,13.204827048975043,1.5230382690779831,62.074442659090906,2637.5628783563657,44,13,Rightfall,6,89.06,83.91,5.150000000000006,Transformer
96.00712681884549,6.237038596544652,93.6486355994855,77.73333333333333,24,12.95876394261814,1.643202723240085,67.35432480176924,2540.3314747550044,44,14,Rotatefall,1,89.06,83.91,5.150000000000006,Transformer
75.83962078156966,4.015966171625263,72.80092036847351,89.0,16,10.739933717667384,1.5146668361104563,70.280098963871,1506.8689476192337,44,14,Rotatefall,2,89.06,83.91,5.150000000000006,Transformer
62.53584940999326,3.689650217996663,59.37136398007429,56.46666666666667,16,7.896802401406486,1.2254102028113907,56.471074586754,2042.7494273879577,44,14,Rotatefall,3,89.06,83.91,5.150000000000006,Transformer
82.39759057578839,4.437592069648597,78.28320974408183,76.26666666666667,34,7.800832204247824,1.563926706074457,64.50966979975333,1984.887382764392,44,14,Rotatefall,4,89.06,83.91,5.150000000000006,Transformer
60.6880570428624,3.423441141442445,56.61373223418099,59.13333333333333,11,9.446217660216243,1.4852588393272235,61.04051434969561,1722.6378955281555,44,14,Rotatefall,5,89.06,83.91,5.150000000000006,Transformer
111.8343806363885,5.282235587465982,110.22438215332105,108.46666666666667,25,19.385224347227247,1.7715291537726927,69.11423960416552,2013.3976778898327,43,10,Backfall,1,97.84,93.62,4.219999999999999,Transformer
120.72864666531055,6.421617726184089,119.9509840927794,37.166666666666664,9,9.840612199737995,1.5762729976881358,27.47259716466677,1562.9414632063992,43,10,Backfall,3,97.84,93.62,4.219999999999999,Transformer
107.34067650335602,6.377838246763242,104.76782011196993,35.666666666666664,10,12.789354477731285,1.790416130773459,27.814802559679396,2292.9593123951427,43,10,Backfall,4,97.84,93.62,4.219999999999999,Transformer
92.45942620808734,6.259809375599427,90.6841301034844,23.233333333333334,8,12.531966696070265,1.900500625481834,28.39236477734193,2301.9575616415,43,10,Backfall,5,97.84,93.62,4.219999999999999,Transformer
111.56176972901211,5.756988328621521,109.133580095258,27.166666666666668,11,14.229998948418347,1.8941643674217181,30.471426508579075,3181.009405043047,43,10,Backfall,6,97.84,93.62,4.219999999999999,Transformer
87.04285779411724,5.652793094053832,85.28127896888817,34.06666666666667,13,16.34773428616914,1.7894419255312515,29.228870905919564,2945.831733188419,43,11,Frontfall,1,97.84,93.62,4.219999999999999,Transformer
91.70526763737963,5.74689905357139,90.35650790336692,34.0,13,11.07230576268052,1.6887121105450986,26.748828883585475,2480.87604785369,43,11,Frontfall,2,97.84,93.62,4.219999999999999,Transformer
93.96001343749667,5.09781425469936,92.66659197511997,34.56666666666667,13,13.97992512036035,1.907610869688412,32.821651123066786,2122.5906351003423,43,11,Frontfall,3,97.84,93.62,4.219999999999999,Transformer
84.76833406909297,5.427089240188929,81.9090566704499,35.2,10,9.748125007400256,1.2822665462513854,21.455350766456466,2380.438797323109,43,11,Frontfall,4,97.84,93.62,4.219999999999999,Transformer
81.65718886076985,4.003373165542796,79.44716187310716,25.533333333333335,12,9.123848034599122,1.6378114470027025,26.68627751519747,2552.875123293384,43,11,Frontfall,5,97.84,93.62,4.219999999999999,Transformer
71.52741613812515,4.98743169686402,68.66974618446302,33.766666666666666,10,14.278966677654616,1.9528918217970488,32.78742513025052,2318.234547481858,43,12,Leftfall,1,97.84,93.62,4.219999999999999,Transformer
87.8233696357042,5.99430467514913,84.82152236859939,33.13333333333333,10,12.188286188950974,1.954671991428708,34.87581266468176,1987.4304383948943,43,12,Leftfall,2,97.84,93.62,4.219999999999999,Transformer
87.8233696357042,5.99430467514913,84.82152236859939,33.13333333333333,10,12.188286188950974,1.954671991428708,34.87581266468176,1987.4304383948943,43,12,Leftfall,3,97.84,93.62,4.219999999999999,Transformer
80.31284146969485,4.741050258948151,76.51859138529271,34.13333333333333,11,13.649165963236124,1.9270648517805664,34.34603129428402,2000.8658317034851,43,12,Leftfall,4,97.84,93.62,4.219999999999999,Transformer
78.10881549400432,5.0789158249995445,75.59244071073068,34.5,15,12.348544827159676,2.266627822579519,40.242087717749264,2126.9528766170797,43,12,Leftfall,5,97.84,93.62,4.219999999999999,Transformer
71.14066735686588,3.636499785346631,70.23974197188453,24.4,5,8.611630548334935,1.4712237562939916,24.52307310173268,1117.2332444499057,43,13,Rightfall,1,97.84,93.62,4.219999999999999,Transformer
65.56581168536661,3.9843276918834802,63.31926152946634,28.166666666666668,7,12.613911193574452,1.6986453961216992,32.064638499001155,1292.7525442216313,43,13,Rightfall,2,97.84,93.62,4.219999999999999,Transformer
70.31366212432067,4.069210016717614,65.62720912489901,42.96666666666667,7,14.325959396846491,1.9169183304380568,32.185587655140104,1022.7607808522264,43,13,Rightfall,3,97.84,93.62,4.219999999999999,Transformer
36.881262518920686,3.1921032292086453,34.78261154706414,42.6,8,12.120605514873006,1.7245094121231734,30.66328334004782,428.14033971098564,43,13,Rightfall,4,97.84,93.62,4.219999999999999,Transformer
41.603736180012966,3.6430368394817263,40.516948687913946,43.4,10,11.176568625486604,1.595742422901505,28.44204850192206,450.9002899525218,43,13,Rightfall,5,97.84,93.62,4.219999999999999,Transformer
121.48355213854508,7.242111820364005,116.57127544306302,39.63333333333333,14,23.49604994223076,2.321441796021237,41.124695906822254,4618.104532820935,43,14,Rotatefall,1,97.84,93.62,4.219999999999999,Transformer
80.42105546332577,4.200849318605547,78.41938635519307,42.43333333333333,16,14.007345133479655,1.7108442917236113,41.70894261202409,2913.835610205162,43,14,Rotatefall,2,97.84,93.62,4.219999999999999,Transformer
87.40328612209409,5.594417159584934,84.78509475455924,36.4,17,15.17343639112108,1.8291365490087967,44.680881958309875,2906.3980761130774,43,14,Rotatefall,3,97.84,93.62,4.219999999999999,Transformer
84.55478523883451,4.82207017724723,83.75672604735037,42.1,22,13.703237299159403,1.7709781676277647,49.34069618558513,1951.4698461020766,43,14,Rotatefall,4,97.84,93.62,4.219999999999999,Transformer
117.33086269307577,5.750073639586315,113.12797174222035,35.36666666666667,12,12.578635874855085,1.6924596508034566,35.987365311020206,3488.7627286553834,43,14,Rotatefall,5,97.84,93.62,4.219999999999999,Transformer
72.49745382206976,5.429579575788153,68.89215455825723,8.333333333333334,1,7.389141555909987,1.3154126724309714,7.267450643444353,1553.6122304430191,38,10,Backfall,1,78.82,74.84,3.9799999999999898,Transformer
20.447480141132125,2.7846296573955702,17.135356312414892,10.766666666666667,2,6.719925990283413,1.3981177147588968,16.081662933493938,225.17213308628502,38,10,Backfall,2,78.82,74.84,3.9799999999999898,Transformer
47.45997016818177,3.6811145229690854,45.35006358583735,15.7,7,10.051046512765392,2.0158023060702215,27.58152231770551,1000.9176183940901,38,10,Backfall,3,78.82,74.84,3.9799999999999898,Transformer
57.58454896884753,7.262378313341344,55.84900682855777,3.6666666666666665,2,,,,1395.7387845889814,38,10,Backfall,4,78.82,74.84,3.9799999999999898,Transformer
71.93172595792481,5.032355488718801,71.40609953914587,36.96666666666667,25,16.31180930056626,2.396813219304468,73.04223790380776,1506.1960234977205,38,10,Backfall,5,78.82,74.84,3.9799999999999898,Transformer
64.85637939478633,4.331556556686349,62.85441036686837,8.2,4,5.126569474413665,1.1570196996909765,7.213957045032244,2291.934298516707,38,11,Frontfall,1,78.82,74.84,3.9799999999999898,Transformer
21.573112993415034,2.3598025475729485,16.709393363398068,12.3,6,8.73282737533958,1.558361033510685,18.39345321891388,448.26631304420295,38,11,Frontfall,2,78.82,74.84,3.9799999999999898,Transformer
89.96771043838076,6.010373337165958,87.26117199217214,16.033333333333335,4,17.13588204122762,1.7099091317058368,25.8330728309813,2202.0441668206777,38,11,Frontfall,3,78.82,74.84,3.9799999999999898,Transformer
71.47959408499209,5.017579519950949,69.50506879493858,9.3,12,12.105995345190786,1.5429395836604451,10.216044193323667,2444.106084201981,38,11,Frontfall,4,78.82,74.84,3.9799999999999898,Transformer
37.00960504512654,3.8772933061686476,33.143238195504686,7.833333333333333,7,4.767485941939668,0.9917795142342689,6.756894027180436,972.6973332057353,38,11,Frontfall,5,78.82,74.84,3.9799999999999898,Transformer
87.1640861670427,4.277142768722667,82.81743566428395,18.366666666666667,6,17.273584035152954,1.6066464127527538,20.235766348499137,2546.8042526419154,38,12,Leftfall,1,78.82,74.84,3.9799999999999898,Transformer
43.3400151486286,3.322738486616059,36.33315353479914,15.2,8,25.075215320073347,1.9230128086871041,19.150288066638616,673.7480611082218,38,12,Leftfall,2,78.82,74.84,3.9799999999999898,Transformer
43.08318873268407,5.007838176777215,39.38530458655081,14.866666666666667,7,18.190989392774124,1.7922399191854115,19.511406086943925,666.5175238591147,38,12,Leftfall,3,78.82,74.84,3.9799999999999898,Transformer
84.0585270878183,8.175321127287654,81.53864970101621,4.2,4,15.583164295127604,2.041714756949467,6.01793548278946,2575.4149804964572,38,12,Leftfall,4,78.82,74.84,3.9799999999999898,Transformer
16.52504111539263,1.2187488804086657,11.249863249238112,9.4,1,5.855479536739308,1.4043390982908601,10.95575848135519,173.63908808554575,38,12,Leftfall,5,78.82,74.84,3.9799999999999898,Transformer
37.80992408281633,3.5736933679240055,33.555726365593365,13.533333333333333,6,8.262122373589008,1.4343399178362886,19.763941947380058,1034.6075371188497,38,13,Rightfall,1,78.82,74.84,3.9799999999999898,Transformer
67.49501756828886,3.7857134084717883,61.426494495990475,14.366666666666667,6,11.193782505917246,1.7778320891937858,19.95903623437225,2542.808577671108,38,13,Rightfall,2,78.82,74.84,3.9799999999999898,Transformer
53.29942229124249,3.5534086682429513,49.45662513846075,10.133333333333333,6,5.804688957691736,1.1723194589243604,9.494166745481985,1317.175845076187,38,13,Rightfall,3,78.82,74.84,3.9799999999999898,Transformer
34.5081193731435,4.275438975181607,31.445759764674847,12.066666666666666,6,12.637633203972197,2.132346133840779,17.59287250896165,838.1011298767899,38,14,Rotatefall,1,78.82,74.84,3.9799999999999898,Transformer
19.520078176951163,2.0047926798000497,16.396156813339573,8.7,4,7.113219049631413,1.4448797242663733,13.862269117678103,437.56156456791655,38,14,Rotatefall,2,78.82,74.84,3.9799999999999898,Transformer
21.08597780559218,1.9137304628530574,15.20783846007449,8.233333333333333,4,7.5326194138086215,1.6706561259708705,12.230696186514669,301.8247101647525,38,14,Rotatefall,3,78.82,74.84,3.9799999999999898,Transformer
17.31234971261741,3.1411461352948225,14.38274325481602,8.133333333333333,3,10.50558203414469,2.2031472757944095,13.231660020082309,247.76137888212756,38,14,Rotatefall,4,78.82,74.84,3.9799999999999898,Transformer
142.7002693463523,10.381364595482486,140.4020159404837,15.6,6,12.662956103388412,2.1005033394398276,19.22708028859087,4126.727493324787,61,10,Backfall,1,87.18,84.21,2.970000000000013,Transformer
72.99262607392133,7.175221259733742,71.48071989558639,15.666666666666666,7,11.280759807245348,1.974550821670683,29.036422135795135,2630.4224839075255,61,10,Backfall,2,87.18,84.21,2.970000000000013,Transformer
50.7709365311734,6.314848073616764,50.02168285826109,15.666666666666666,6,8.726718314131041,1.9869593385703328,22.07684449798334,1467.6914401629979,61,10,Backfall,3,87.18,84.21,2.970000000000013,Transformer
10.819981063021332,0.4677304444782653,1.2563912949206753,0.4666666666666667,0,0.5760027841833407,0.1620382361642244,0.16196172421162444,77.33159028542819,61,12,Leftfall,1,87.18,84.21,2.970000000000013,Transformer
43.650335994649,4.3431293858288695,40.609589199803594,15.733333333333333,4,10.909185738700822,1.8245775317125323,23.784172222367708,1306.2376542512802,61,12,Leftfall,2,87.18,84.21,2.970000000000013,Transformer
37.03982402134517,3.838857258901381,36.15737056796004,18.333333333333332,6,7.606330883658115,1.5272767670314575,24.163925406885316,832.4836334379207,61,12,Leftfall,3,87.18,84.21,2.970000000000013,Transformer
36.09892492050194,3.2659259157357536,32.82452580137227,19.9,4,7.280913157244988,1.4025391058830572,20.553726198046245,951.7972125949476,61,12,Leftfall,4,87.18,84.21,2.970000000000013,Transformer
37.35055785249739,4.074423899788673,34.60742358131872,18.833333333333332,7,7.2260414573146745,1.6289513794978365,26.968044257095702,1429.4688910334373,61,12,Leftfall,5,87.18,84.21,2.970000000000013,Transformer
48.01440924424773,5.52408979451958,45.95513242861901,19.9,8,11.83297948719962,1.861270657998745,32.923188432095586,1307.7987687408552,61,13,Rightfall,1,87.18,84.21,2.970000000000013,Transformer
35.215115625787305,3.417364115533362,33.073609752561815,15.666666666666666,8,11.78977474148573,2.0781587515333766,23.878881826945396,1145.463277204128,61,13,Rightfall,3,87.18,84.21,2.970000000000013,Transformer
40.168841620474865,4.1295546648498265,37.3043737838791,15.666666666666666,5,6.17399832927307,1.1960926218607963,16.3468528547762,709.4190131037277,61,13,Rightfall,4,87.18,84.21,2.970000000000013,Transformer
78.43473774599967,6.593231758022412,76.36055580296389,15.733333333333333,4,5.462665444501466,1.3655561028879166,19.890144731056136,2844.4352347512145,61,14,Rotatefall,1,87.18,84.21,2.970000000000013,Transformer
48.33886716503844,4.424112511422476,46.48506783213145,15.733333333333333,3,9.335892770981829,1.366972085208783,17.283152679466763,1726.5614136076363,61,14,Rotatefall,2,87.18,84.21,2.970000000000013,Transformer
10.808492342435626,0.2691611408167663,1.8536519016544055,5.9,0,0.47667558976437435,0.1304689496180118,0.798268254057511,34.553909050832594,61,14,Rotatefall,3,87.18,84.21,2.970000000000013,Transformer
76.1810453205548,6.106237114850331,74.09140498065113,8.833333333333334,6,10.14437659647736,1.6316202810893405,10.335986083381663,3023.289480428053,61,14,Rotatefall,4,87.18,84.21,2.970000000000013,Transformer
72.27003956863024,6.554018145267633,68.54533593903851,8.366666666666667,6,11.058520352146543,1.7608939312288239,10.236359832963554,2099.528238250106,61,14,Rotatefall,5,87.18,84.21,2.970000000000013,Transformer
118.29006882167212,6.743329512758815,112.839716410057,10.566666666666666,4,31.508990052145865,2.8727950579151598,14.589141663667204,3644.666016157503,50,10,Backfall,1,98.41,96.12,2.289999999999992,Transformer
72.86818121907888,4.621311362424834,68.97880598010607,13.2,4,19.135411834455457,2.131140691070036,15.021553030828803,2278.5598002309102,50,10,Backfall,2,98.41,96.12,2.289999999999992,Transformer
80.04647296796158,5.611595148387829,75.59655165708202,12.5,4,18.96554708237047,1.8659272360731185,13.650202451743287,2651.0255848248407,50,10,Backfall,3,98.41,96.12,2.289999999999992,Transformer
116.23058135947915,5.863352372315234,111.82153145601941,12.5,5,14.430633997547137,1.7973367713836936,14.04658115723976,3680.2909965617087,50,10,Backfall,4,98.41,96.12,2.289999999999992,Transformer
65.04285701680388,5.292420600535731,60.09261038418948,12.1,4,13.79097634673747,1.9261245934596416,13.685545411981082,2438.8955802328396,50,10,Backfall,5,98.41,96.12,2.289999999999992,Transformer
90.58845046950589,6.384858146516544,87.88082109485573,11.8,4,15.526872924469593,1.6873952732327056,9.341191595831951,2829.897340259441,50,11,Frontfall,1,98.41,96.12,2.289999999999992,Transformer
106.5555975656669,5.55736292621713,102.97100157593721,11.733333333333333,2,8.616951623447571,1.1504046615230303,7.44261549127995,3360.5250590090327,50,11,Frontfall,2,98.41,96.12,2.289999999999992,Transformer
81.47969736837013,4.346824796868242,78.23168702311365,11.966666666666667,4,10.720821181593898,1.1439901850928882,7.917442130793403,2425.5654463397627,50,11,Frontfall,3,98.41,96.12,2.289999999999992,Transformer
63.083809903679345,4.351715282431377,60.86487571152702,11.666666666666666,3,7.968765879907857,1.122993210201045,7.161865277095273,2050.4185614897156,50,11,Frontfall,4,98.41,96.12,2.289999999999992,Transformer
75.23075139813955,4.521545063408098,74.01001414201038,11.5,2,11.052426733717056,1.1077228629181513,6.945997222751308,2289.495134292219,50,11,Frontfall,5,98.41,96.12,2.289999999999992,Transformer
71.9031685075133,3.86517090204723,68.08009783490924,10.233333333333333,1,12.335850560677478,1.5244130078746996,11.158939580604393,2042.0856828379076,50,12,Leftfall,1,98.41,96.12,2.289999999999992,Transformer
88.9564912696056,5.149426916980189,83.8852156963652,10.6,3,19.61277635145575,1.966445543968727,11.830915758117243,2434.3591692229775,50,12,Leftfall,2,98.41,96.12,2.289999999999992,Transformer
53.83869539930204,4.073582913910987,50.984200503812446,11.1,1,14.640590896686726,1.6671187833083134,10.395025977635472,1874.2538384681716,50,12,Leftfall,3,98.41,96.12,2.289999999999992,Transformer
65.54138662615041,3.3266172403758474,62.034157062497535,11.033333333333333,2,12.733586359049216,1.7202994604926871,10.285849924932238,1812.3225087033777,50,12,Leftfall,4,98.41,96.12,2.289999999999992,Transformer
71.32448505904497,4.2380316652551,68.44473596188561,11.733333333333333,3,15.101277180595341,2.039279212753164,12.088148288446957,1535.256309083703,50,12,Leftfall,5,98.41,96.12,2.289999999999992,Transformer
41.10869450933407,4.055714169436586,38.350315268064165,11.2,5,10.73497217931665,1.8105551479280888,12.274000896054947,1160.1707992942686,50,13,Rightfall,1,98.41,96.12,2.289999999999992,Transformer
147.0539132398781,8.151730655724439,144.6432814787628,10.9,5,14.984792462035003,1.5951681032942702,11.418912907816624,4899.692053894039,50,13,Rightfall,2,98.41,96.12,2.289999999999992,Transformer
108.90129012797249,6.284188580370454,105.59120458608376,11.266666666666667,4,25.370238149230836,2.030679419782259,12.343562179328803,3194.3604915272235,50,13,Rightfall,3,98.41,96.12,2.289999999999992,Transformer
53.57022992811856,4.535935877898179,52.24342133774303,10.933333333333334,4,15.039084498831665,1.7492133102105514,13.109096692511905,1768.497869551452,50,13,Rightfall,4,98.41,96.12,2.289999999999992,Transformer
116.2768040074173,6.473375845683845,111.84061735051286,11.4,4,10.968700557030855,1.5354987183706676,11.747781365438206,3416.5456691079535,50,13,Rightfall,5,98.41,96.12,2.289999999999992,Transformer
47.200320190236404,3.344997770039972,43.61776509924174,10.666666666666666,6,6.002336043737269,1.6300696930623233,13.237972699703118,1185.4699794693254,50,14,Rotatefall,1,98.41,96.12,2.289999999999992,Transformer
40.14168921973269,3.0636891236771433,37.67268230203568,10.833333333333334,4,5.438533671673401,1.5795871085646034,13.056521526299509,1010.1307574433317,50,14,Rotatefall,2,98.41,96.12,2.289999999999992,Transformer
55.4265084304511,4.0749612088571245,50.34911631954099,11.4,3,8.658954330716428,1.783624013100546,12.852547118215075,1674.0593376391191,50,14,Rotatefall,3,98.41,96.12,2.289999999999992,Transformer
42.15665992626258,3.667956908420331,40.56868844078074,11.4,5,14.639474355387218,2.042163863356599,13.595611802541027,1180.0782838113225,50,14,Rotatefall,4,98.41,96.12,2.289999999999992,Transformer
55.965045728420534,4.384648518235451,53.32747133790097,11.0,4,6.714251790872309,1.6384420088628582,12.465181316613755,2130.3508889367104,50,14,Rotatefall,5,98.41,96.12,2.289999999999992,Transformer
14.345127832970615,0.9954178443719588,7.477451196741501,4.633333333333334,0,2.4005969660928215,0.5215896317099318,3.9241787371351573,110.52435825626547,56,10,Backfall,1,96.21,94.2,2.009999999999991,Transformer
192.7864683464749,16.867989869922734,189.4692657306378,8.4,6,17.91784444889921,2.60347290027214,14.645481644333158,5745.851776908698,56,10,Backfall,2,96.21,94.2,2.009999999999991,Transformer
153.99017493734527,11.044505983986594,152.6133071206975,7.733333333333333,6,22.919183802208686,2.5350081540745313,11.95877397703487,4699.745837625322,56,10,Backfall,3,96.21,94.2,2.009999999999991,Transformer
106.3597077590936,8.58962712901576,102.18982198015466,7.733333333333333,5,25.64191189081665,2.5485581138295315,11.08734894667755,3197.6849448067555,56,10,Backfall,4,96.21,94.2,2.009999999999991,Transformer
165.54111974403386,15.265039999580743,162.19826202702876,8.166666666666666,6,47.67847527482323,4.581033615828814,14.064064714011575,5293.62752961551,56,10,Backfall,5,96.21,94.2,2.009999999999991,Transformer
145.76165051751371,11.600067724428746,142.56494547016112,9.9,3,10.931850084822056,1.9385095503473553,12.914598527080619,5228.474898947371,56,11,Frontfall,1,96.21,94.2,2.009999999999991,Transformer
161.09998978974798,10.711802388784236,160.32893029270218,7.733333333333333,2,11.971161506412681,1.760289763077581,9.990792352560074,4933.07138734791,56,11,Frontfall,2,96.21,94.2,2.009999999999991,Transformer
159.13070197522555,10.305377183475143,156.57793389633972,7.533333333333333,3,14.205646075916698,1.7410578842181694,9.774761448227848,4925.034994264573,56,11,Frontfall,3,96.21,94.2,2.009999999999991,Transformer
10.877950926576496,0.34880660347187564,1.9685611576176782,4.866666666666666,0,0.8109302306121249,0.17571079693117986,1.8185287860290127,52.5764906335162,56,11,Frontfall,4,96.21,94.2,2.009999999999991,Transformer
12.94044261180218,0.6426284034337947,5.553869649961272,6.666666666666667,0,2.2800730424645437,0.41436222673890194,2.1940964056770986,114.39677991712331,56,11,Frontfall,5,96.21,94.2,2.009999999999991,Transformer
101.60527286337901,10.207540445399314,100.39696702646708,6.866666666666666,7,9.697426072123072,2.132593302950588,14.076036463063778,2630.6594002896522,56,12,Leftfall,1,96.21,94.2,2.009999999999991,Transformer
184.77019082719534,13.516097770731736,181.4014930196293,7.266666666666667,4,25.380565228624054,2.8721402279078427,13.876266333428557,5360.62499655586,56,12,Leftfall,2,96.21,94.2,2.009999999999991,Transformer
85.32960320241617,7.069586175420211,84.60446031900713,7.266666666666667,4,25.620615901128627,3.3104381827645883,13.201573713172214,2577.190849501758,56,12,Leftfall,3,96.21,94.2,2.009999999999991,Transformer
180.68173637329164,13.39457085181719,179.51419370099998,6.966666666666667,5,15.217838028534153,2.405468542460065,13.463672842232297,5447.271183175928,56,12,Leftfall,4,96.21,94.2,2.009999999999991,Transformer
96.76199622608425,6.609553700460627,95.83827830847298,9.366666666666667,3,22.15224676607636,2.366811739879892,12.857625276356329,3213.2555535809247,56,12,Leftfall,5,96.21,94.2,2.009999999999991,Transformer
55.064535997962665,4.538949100779399,53.57288116093844,7.066666666666666,4,18.40839188950528,2.2913071402432785,9.929836875618198,1802.2623826670538,56,13,Rightfall,1,96.21,94.2,2.009999999999991,Transformer
187.4975325830917,12.244805154358085,185.41812407178918,7.633333333333334,2,18.77611987832127,1.7564077392407278,9.033811230852674,6412.0587903914675,56,13,Rightfall,2,96.21,94.2,2.009999999999991,Transformer
63.38006124096032,6.601371498638071,61.81215055169431,7.5,3,13.957271249033232,2.145342075423378,12.23412583345618,2206.55359006101,56,13,Rightfall,3,96.21,94.2,2.009999999999991,Transformer
227.3243684048954,15.468305351937156,226.03554701224587,6.966666666666667,2,12.018401025455008,2.038123748899846,10.502209878657709,7596.210531393691,56,13,Rightfall,4,96.21,94.2,2.009999999999991,Transformer
169.09318832335657,11.434589594763208,168.36986685164555,6.9,4,11.845826247250006,1.802819492896139,8.367985124683464,5352.9353283564415,56,13,Rightfall,5,96.21,94.2,2.009999999999991,Transformer
73.75370422900207,5.208847275474331,71.88399026383213,7.166666666666667,1,9.097255362061466,1.5352493881101026,8.208627994040194,2433.3604297004117,56,14,Rotatefall,1,96.21,94.2,2.009999999999991,Transformer
154.81750566781338,10.165438978601816,152.27168280965026,7.366666666666666,3,5.021214334842774,1.3213050706788148,8.62567395558591,5274.020870150412,56,14,Rotatefall,2,96.21,94.2,2.009999999999991,Transformer
127.3251486554007,11.118582189656241,126.50860927523972,7.833333333333333,3,14.017578996803085,1.8625615912451934,8.56707183137366,4059.770000103494,56,14,Rotatefall,3,96.21,94.2,2.009999999999991,Transformer
90.86410496651106,5.86610942597168,88.22920146212421,7.566666666666666,4,10.38449544689083,1.6917310580323144,10.263199115188398,2805.8462478331007,56,14,Rotatefall,4,96.21,94.2,2.009999999999991,Transformer
10.52372490110825,0.2123343693495357,3.087150804837057,4.9,0,1.6719675791276194,0.19358398700294288,0.2978733688857394,139.45401395715942,56,14,Rotatefall,5,96.21,94.2,2.009999999999991,Transformer
48.459533864205255,4.527550572434977,46.96830423950101,7.766666666666667,4,6.649679764129233,1.5848366206030822,8.811429093393764,1341.7710754980008,55,10,Backfall,1,97.9,96.75,1.1500000000000057,Transformer
45.781434128779495,4.236664436186546,44.13992246944776,9.8,3,28.46312743835673,2.1610466251869873,10.498527464807204,1456.2410525856674,55,10,Backfall,2,97.9,96.75,1.1500000000000057,Transformer
56.85175077404778,5.1911281408966135,54.528948388061046,7.5,4,16.704336608601007,2.170998419372273,11.270976577827328,1825.5502011768426,55,10,Backfall,3,97.9,96.75,1.1500000000000057,Transformer
37.59438948192034,3.8887240023377823,35.78817730960643,7.366666666666666,5,12.056606454840544,2.0296778648887632,11.14500221043448,792.1731176289418,55,10,Backfall,4,97.9,96.75,1.1500000000000057,Transformer
58.13673922030145,4.0916571241807125,55.81221730223196,7.433333333333334,5,17.085635376712066,2.7233814766688207,12.053460447855617,1739.1362679694303,55,10,Backfall,5,97.9,96.75,1.1500000000000057,Transformer
10.715534298161005,0.1774092374090452,1.2643468688461326,4.8,0,0.4584172799136863,0.07830481709246585,0.5626927615890838,36.81147798435462,55,11,Frontfall,1,97.9,96.75,1.1500000000000057,Transformer
86.32908740026895,5.900019587822313,84.32811277636519,7.733333333333333,3,6.026033887119127,1.1270750394205136,6.797213298639151,3039.1663076557697,55,11,Frontfall,2,97.9,96.75,1.1500000000000057,Transformer
97.95275183385962,7.096165940605752,96.79664553543736,7.8,2,7.892088353216916,1.065442996568065,7.1726168657918015,3291.7737448591733,55,11,Frontfall,3,97.9,96.75,1.1500000000000057,Transformer
71.02960165341774,4.972775874069864,65.43153252031814,7.6,3,8.063169690848902,1.643175871202024,8.061619404270798,2221.1789332959106,55,11,Frontfall,4,97.9,96.75,1.1500000000000057,Transformer
86.8952984601051,6.986708511652621,84.33102150488395,7.333333333333333,1,13.107101056004032,1.121929245781013,5.304899294839625,3135.8406542544476,55,11,Frontfall,5,97.9,96.75,1.1500000000000057,Transformer
36.254380583754305,2.6802238124228857,30.74257276212014,7.133333333333334,3,8.526961657310279,1.7619846812266071,8.821756165656607,812.5673137958398,55,12,Leftfall,1,97.9,96.75,1.1500000000000057,Transformer
31.66792264467621,3.124416659792384,26.991220249313653,7.2,3,8.012937739970218,1.6832295210113986,9.368251641651302,526.7563890986186,55,12,Leftfall,2,97.9,96.75,1.1500000000000057,Transformer
32.407117646044995,2.9177640876210713,29.86782178422569,6.833333333333333,3,6.9045429613314795,1.577238481353582,9.016677600075477,612.7656395917313,55,12,Leftfall,3,97.9,96.75,1.1500000000000057,Transformer
27.360907375092847,2.885071199724444,23.48279220126411,7.2,3,7.39803209097915,1.5317073546481863,9.484472260966653,671.8037249310219,55,12,Leftfall,4,97.9,96.75,1.1500000000000057,Transformer
43.29027996710847,4.055763299399804,40.72114212918596,8.133333333333333,3,8.441655976408153,1.4597662447601585,9.830103507408593,1193.4842591192755,55,12,Leftfall,5,97.9,96.75,1.1500000000000057,Transformer
36.00344821945016,3.0935429691966765,31.09793750788546,7.1,2,7.462289231673651,1.155768540086433,6.462558049796177,862.3495422104301,55,13,Rightfall,1,97.9,96.75,1.1500000000000057,Transformer
19.890784939945835,1.6013551476171206,13.193370863988921,7.166666666666667,1,4.881804609931682,0.9192018163670455,5.738356367124227,353.7302210469056,55,13,Rightfall,2,97.9,96.75,1.1500000000000057,Transformer
24.331816761802088,1.281775192850277,18.92484655565145,13.3,2,4.556785456083349,0.7630005418845286,7.492064905602075,416.00016286472396,55,13,Rightfall,3,97.9,96.75,1.1500000000000057,Transformer
28.39381218775531,2.267162756482982,23.186654844637097,7.766666666666667,1,3.6555150170887667,0.61796698050363,4.994016466920628,552.8470389300142,55,13,Rightfall,4,97.9,96.75,1.1500000000000057,Transformer
21.47420828066341,1.8629374142624229,14.393109483419105,6.733333333333333,1,4.04312548338695,0.7123455634574865,4.045121302712997,389.0529020387476,55,13,Rightfall,5,97.9,96.75,1.1500000000000057,Transformer
39.817701909061135,4.11602991125384,35.49499934490093,6.933333333333334,3,5.322862082238258,1.4484044176486432,9.816472956092621,1239.0906275957677,55,14,Rotatefall,1,97.9,96.75,1.1500000000000057,Transformer
85.67483841414564,8.136859870783685,84.64820191307817,6.7,3,12.355677320225897,1.608412756460599,6.410651695805287,2437.130205189915,55,14,Rotatefall,2,97.9,96.75,1.1500000000000057,Transformer
87.49854353831222,5.923656861455423,83.0161085833673,6.933333333333334,3,14.877405194885709,1.5684732942397162,6.98803437618717,3009.345512873365,55,14,Rotatefall,3,97.9,96.75,1.1500000000000057,Transformer
105.72595146208927,9.327883777174229,101.4327901081019,7.366666666666666,1,6.844781089835511,1.2726294176319601,6.939824485728773,3505.905141508715,55,14,Rotatefall,4,97.9,96.75,1.1500000000000057,Transformer
68.9750744188547,4.2758038536394585,63.86266276598391,7.3,1,7.354978377621849,1.2255949217626518,6.53166380716171,2213.6733887982623,55,14,Rotatefall,5,97.9,96.75,1.1500000000000057,Transformer
25.98945180222678,2.16597738369837,21.709233661258004,8.666666666666666,3,12.140746471346644,1.7487247711896414,8.309996564623557,1090.3757624159257,63,10,Backfall,1,97.01,96.4,0.6099999999999994,Transformer
70.26995402341157,5.075761457640332,66.58588229634863,7.566666666666666,3,11.987052472176083,2.0069260962586695,9.374151557548707,2686.2747951907513,63,10,Backfall,2,97.01,96.4,0.6099999999999994,Transformer
90.84478740942853,7.688600708632247,87.52814961541057,7.9,3,20.429791404529198,2.6073251768004972,10.594394616739265,2801.900001583663,63,10,Backfall,3,97.01,96.4,0.6099999999999994,Transformer
90.84478740942853,7.688600708632247,87.52814961541057,7.9,3,20.429791404529198,2.6073251768004972,10.594394616739265,2801.900001583663,63,10,Backfall,4,97.01,96.4,0.6099999999999994,Transformer
31.193260996197466,2.3280362267472836,26.33800880541076,7.566666666666666,5,11.639630018506246,1.922611948152647,9.672422567609356,1246.094364469986,63,10,Backfall,5,97.01,96.4,0.6099999999999994,Transformer
75.69808405127473,6.916181503755093,71.87037438672263,7.733333333333333,4,8.228740459320568,1.4514202221341668,7.646705861418079,2944.248261556042,63,11,Frontfall,1,97.01,96.4,0.6099999999999994,Transformer
88.1418712490412,7.55516770379601,85.66275891352673,7.533333333333333,4,8.364895206092017,1.464815708993756,6.3746046054135785,3128.8370241097905,63,11,Frontfall,2,97.01,96.4,0.6099999999999994,Transformer
106.6865979339392,8.161793136501313,103.0274172707056,6.9,2,14.09733928254954,1.7353650252745887,7.190573828642658,3221.3672796810674,63,11,Frontfall,3,97.01,96.4,0.6099999999999994,Transformer
89.89591003271657,5.428963484018381,85.00208271366937,11.033333333333333,2,7.692726065309583,0.9173386421538625,5.815813576559694,2930.2050106037086,63,11,Frontfall,4,97.01,96.4,0.6099999999999994,Transformer
90.27919175291393,10.03051654266627,86.0610907902737,6.766666666666667,3,9.48219567394238,1.4680713052493906,7.0727160703225,3541.0785890892453,63,11,Frontfall,5,97.01,96.4,0.6099999999999994,Transformer
74.94372050771285,5.765760983266943,73.55766603689551,7.166666666666667,4,11.821984959864817,2.2930786525708338,9.820288973430353,2629.8963970724453,63,12,Leftfall,1,97.01,96.4,0.6099999999999994,Transformer
79.3053537801863,5.6857957971063575,76.94805263670305,7.1,3,14.378582958739525,1.9205153319561932,8.094373626546194,2546.783294744134,63,12,Leftfall,2,97.01,96.4,0.6099999999999994,Transformer
54.48481036363246,5.800141402838136,51.214589367545386,6.9,4,15.27805708000137,2.4618578486397173,9.83608095126624,1939.4718842246505,63,12,Leftfall,3,97.01,96.4,0.6099999999999994,Transformer
93.25214051615353,6.588126905286016,89.0251373764354,7.2,3,18.372645207365682,2.032027673269868,6.657290907184526,3083.7170127666413,63,12,Leftfall,4,97.01,96.4,0.6099999999999994,Transformer
93.19573647126609,8.646466286544026,91.92198425162378,6.6,3,8.180480089219895,1.3624132877196442,5.725084839952513,2449.801731944926,63,12,Leftfall,5,97.01,96.4,0.6099999999999994,Transformer
55.757015411354054,4.305356366909278,54.234950802936595,7.933333333333334,3,10.756614295209236,1.3121665006545362,5.573220492037592,2032.1431386242482,63,13,Rightfall,1,97.01,96.4,0.6099999999999994,Transformer
45.637096060478584,4.4993257335594254,43.57928305709167,6.366666666666666,2,8.96720572741354,1.4518774876259288,5.283059176007242,1429.083612182233,63,13,Rightfall,2,97.01,96.4,0.6099999999999994,Transformer
42.90302237847083,4.416322530460088,40.6965031323774,6.766666666666667,2,4.877875368844151,1.0160383701240472,4.6419358800497355,1344.7835827086546,63,13,Rightfall,3,97.01,96.4,0.6099999999999994,Transformer
31.25213393134968,3.887783452487351,27.14087468718255,6.433333333333334,2,6.876015897077566,1.442441823670309,5.343212220305033,1174.011497804293,63,13,Rightfall,4,97.01,96.4,0.6099999999999994,Transformer
37.15618256828522,3.382572563796919,32.87020256641241,7.166666666666667,2,8.496475190187585,1.4843818494729548,5.984499666396679,1223.161221806063,63,13,Rightfall,5,97.01,96.4,0.6099999999999994,Transformer
55.36710510120551,3.598461167688519,52.43686737203354,14.4,1,6.967407896112083,0.9907686247388693,7.486500280942523,2633.472411141571,63,14,Rotatefall,1,97.01,96.4,0.6099999999999994,Transformer
47.517906849452345,3.5478981781512364,43.63318545182946,14.966666666666667,3,6.735491361750776,1.0566201177389072,8.535322826864626,2146.951509079744,63,14,Rotatefall,2,97.01,96.4,0.6099999999999994,Transformer
78.08887476661204,5.613699561139669,75.11272982148728,7.9,3,14.940217830119526,1.870666213433246,11.281118878710023,2378.4458304700875,63,14,Rotatefall,3,97.01,96.4,0.6099999999999994,Transformer
47.28331290476918,4.847838586519751,46.01034815259342,7.8,2,11.01543637203882,1.6104997713728635,8.141451195263537,2255.563561142389,63,14,Rotatefall,4,97.01,96.4,0.6099999999999994,Transformer
44.635600631003385,3.878132052902864,39.78509335159964,6.533333333333333,1,7.140318584340587,1.3502321596605693,7.207285600047271,1471.3490416145291,63,14,Rotatefall,5,97.01,96.4,0.6099999999999994,Transformer
58.01393212818125,5.8257007495313555,57.645692062865436,6.233333333333333,2,16.580977085292403,2.315129916589397,10.004189583356716,1706.7265781593544,58,10,Backfall,1,98.38,97.85,0.5300000000000011,Transformer
70.2729509080916,5.0869722814118905,66.72061000751825,5.866666666666666,2,12.426127464109445,1.6373882111619222,6.585944148217625,2189.256251741564,58,10,Backfall,2,98.38,97.85,0.5300000000000011,Transformer
55.66908930372838,4.0951572998465195,52.01809921489065,6.066666666666666,2,8.886894106230566,1.6977861868174022,6.695456601716903,1321.6601261140581,58,10,Backfall,3,98.38,97.85,0.5300000000000011,Transformer
44.592441901017985,3.115414315632188,38.56088507019367,6.866666666666666,2,4.926272285529279,1.3354645146527133,6.889176282686168,1025.0070054095597,58,10,Backfall,4,98.38,97.85,0.5300000000000011,Transformer
83.50037728098846,6.59510116073532,77.77981321942065,19.633333333333333,3,8.715167412896337,1.330028057804346,13.509634051417898,3335.871685342745,58,11,Frontfall,1,98.38,97.85,0.5300000000000011,Transformer
101.55460262398104,6.951600842430046,100.28744369181648,20.6,3,7.589456492872455,1.298133053719662,14.221728476054734,3555.525759516988,58,11,Frontfall,2,98.38,97.85,0.5300000000000011,Transformer
68.94164955868922,5.66641124515089,65.71549732330912,5.766666666666667,3,8.737291031564656,1.3621938665597362,4.695852034992438,2341.870171603504,58,11,Frontfall,3,98.38,97.85,0.5300000000000011,Transformer
45.53689057662837,4.610040039545738,41.80668548791683,6.066666666666666,3,7.813800016397265,1.5110907419008026,5.4769369718050696,1407.5515060132645,58,11,Frontfall,4,98.38,97.85,0.5300000000000011,Transformer
46.016900546345596,5.151783212243767,42.72306503083056,5.966666666666667,4,7.278790257095827,1.6668266993727998,5.435040667279272,1680.4170998765285,58,11,Frontfall,5,98.38,97.85,0.5300000000000011,Transformer
63.77296670626814,5.013458013215621,57.79622269674617,5.4,1,9.37271915033731,1.582307356014089,5.277249733341696,1716.8185998528145,58,12,Leftfall,1,98.38,97.85,0.5300000000000011,Transformer
67.31855015828475,4.898306661763491,62.75236362143372,5.9,1,15.085383341413472,1.951155716770802,5.4416371536725405,1689.8482603240373,58,12,Leftfall,2,98.38,97.85,0.5300000000000011,Transformer
70.46145696220756,8.370745503488779,67.30302247370653,5.033333333333333,1,13.076143606496297,1.797122156857409,4.712426950297597,2427.8945293015654,58,12,Leftfall,3,98.38,97.85,0.5300000000000011,Transformer
91.14771773623863,6.84075749673739,87.42157549131412,5.6,2,15.093930729226036,1.6833441683260657,4.490159330322867,2226.5378867515315,58,12,Leftfall,4,98.38,97.85,0.5300000000000011,Transformer
70.42185295520919,7.492161862399023,65.65397338045857,5.4,2,21.22094086340271,2.10825803537362,4.511856863031872,1897.195300951848,58,12,Leftfall,5,98.38,97.85,0.5300000000000011,Transformer
88.70212656009554,9.385000577008517,84.6990269860744,5.366666666666666,2,11.214057015544826,1.4887769680973675,4.516168925637245,3392.8488633438424,58,13,Rightfall,1,98.38,97.85,0.5300000000000011,Transformer
115.28207519358736,8.737546246215977,112.56982162069455,5.433333333333334,1,7.820434758566125,1.4788702713454023,4.492974874705523,3232.681385200117,58,13,Rightfall,2,98.38,97.85,0.5300000000000011,Transformer
86.40112935075017,6.904221650494692,83.16971384239172,5.566666666666666,2,7.485576375587921,1.5779295777055384,5.560803111272924,2436.213739245196,58,13,Rightfall,3,98.38,97.85,0.5300000000000011,Transformer
10.623514185707169,0.19870852210347645,1.9485582336415632,8.3,0,1.2884376923042846,0.23773407578133665,1.322852279671416,55.56589718638782,58,13,Rightfall,4,98.38,97.85,0.5300000000000011,Transformer
89.19487835166845,6.7421143199605655,84.42054467250091,5.633333333333334,3,9.454531921430519,1.685092239319099,5.461734868531056,2666.1134431249293,58,13,Rightfall,5,98.38,97.85,0.5300000000000011,Transformer
156.45213179478196,11.89811041801025,151.13985689503835,6.2,6,17.17711839944407,2.2032730516994365,8.476225796511585,5538.932906388127,58,14,Rotatefall,1,98.38,97.85,0.5300000000000011,Transformer
193.8435560287889,13.498630472207696,190.6461587455432,6.833333333333333,4,19.309020901631555,2.157606948626302,8.67865784257874,6212.265356590747,58,14,Rotatefall,2,98.38,97.85,0.5300000000000011,Transformer
100.79721839030341,10.642623727601645,99.1810779961911,6.533333333333333,3,14.14016138021461,1.7311376133948413,6.226011604891104,3908.052462644838,58,14,Rotatefall,3,98.38,97.85,0.5300000000000011,Transformer
112.86218798982482,7.971852676806302,108.32060201564903,6.833333333333333,3,11.55120769072766,1.5599884888179039,6.460863053100229,4095.1147599789756,58,14,Rotatefall,4,98.38,97.85,0.5300000000000011,Transformer
146.12365426692614,10.247357479614635,143.12979455197242,6.666666666666667,4,12.498604274619547,1.9671849898975573,8.102293695696472,4623.566959299268,58,14,Rotatefall,5,98.38,97.85,0.5300000000000011,Transformer
52.13150106148498,5.417631890642585,48.975973075778256,8.166666666666666,6,10.078978759696449,1.9182413399649036,11.889041910246172,2159.8045506398184,37,10,Backfall,1,91.75,91.89,-0.14000000000000057,CNN
38.19379710764053,4.3983774779722165,37.36386703418348,9.033333333333333,3,11.514128434891438,1.8727725669509994,10.521589934399218,2083.8047897638908,37,10,Backfall,2,91.75,91.89,-0.14000000000000057,CNN
57.17970031982701,4.882076761281164,53.99442825684458,7.433333333333334,8,7.80003117633742,0.9761306831469746,5.228623674040049,1713.3579896186347,37,10,Backfall,3,91.75,91.89,-0.14000000000000057,CNN
43.1013253875736,4.4803641688495395,41.78145650705074,11.666666666666666,15,12.524612128333596,1.7665702735260995,13.470726406567207,1140.0328974277995,37,10,Backfall,4,91.75,91.89,-0.14000000000000057,CNN
55.759467868684865,6.416404420841127,54.00906613157469,7.233333333333333,14,16.464644793946867,3.146926823587467,19.442691845695883,1727.816139556925,37,11,Frontfall,1,91.75,91.89,-0.14000000000000057,CNN
40.845376318003545,4.6113322962693735,37.34394330472634,7.233333333333333,14,10.630305775847871,1.9078465252371168,10.04683797313302,1470.772432055239,37,11,Frontfall,2,91.75,91.89,-0.14000000000000057,CNN
55.032627982513404,7.70986756583919,51.833074402469386,6.033333333333333,13,14.478875861329763,2.3696516466167945,10.801197724113338,1594.927389640968,37,11,Frontfall,3,91.75,91.89,-0.14000000000000057,CNN
48.18755330512477,5.377004981486581,44.55403416151263,13.233333333333333,16,10.497366574428652,1.8000814607089304,20.168463739271125,1130.3667426831778,37,11,Frontfall,4,91.75,91.89,-0.14000000000000057,CNN
70.38556007937555,8.28266250608984,65.83585286036929,6.4,12,12.72924409832646,2.3211552540207494,17.966463457153115,2315.949820689959,37,12,Leftfall,1,91.75,91.89,-0.14000000000000057,CNN
74.91061322448994,7.519421618695537,73.00799115740526,6.466666666666667,14,9.682071029146735,1.8509757482774398,8.47746189497238,2868.5546879693757,37,12,Leftfall,2,91.75,91.89,-0.14000000000000057,CNN
40.23458091797972,6.198876935927469,35.7077998930952,5.7,14,7.6691817985438675,1.522734136515218,7.192057788661851,1192.3196306417599,37,12,Leftfall,3,91.75,91.89,-0.14000000000000057,CNN
48.88937014167077,4.953508381726496,48.12301665848109,8.133333333333333,6,11.916076177942731,2.3065499447955133,15.803827357056734,1857.852371632416,37,12,Leftfall,4,91.75,91.89,-0.14000000000000057,CNN
41.12824550899226,5.2264463889137245,37.48068336362251,7.533333333333333,13,10.189403232991125,2.390553589739027,11.715486355437513,1145.6702199552783,37,12,Leftfall,5,91.75,91.89,-0.14000000000000057,CNN
35.33844934772691,4.672086145479589,30.98495768992895,7.2,8,9.144078380220785,1.7485526234460842,11.497699723815723,1223.739234963343,37,13,Rightfall,1,91.75,91.89,-0.14000000000000057,CNN
63.53114280575728,6.01689047134843,61.99065376253584,7.833333333333333,7,11.743881774377387,1.8126792499475712,9.16429969204283,1929.682243045816,37,13,Rightfall,2,91.75,91.89,-0.14000000000000057,CNN
60.58141514970895,6.840442358155213,58.145297253234375,7.2,11,9.26552665944883,2.2280527028801718,14.024093102077229,2114.830023766299,37,13,Rightfall,3,91.75,91.89,-0.14000000000000057,CNN
70.58567361665618,5.987756473746271,67.83689104558592,5.766666666666667,6,6.612802559032823,1.5877393118871486,6.0026728076184375,2572.783239364176,37,13,Rightfall,4,91.75,91.89,-0.14000000000000057,CNN
53.86531768239248,5.8355883892509395,50.951638787395666,10.066666666666666,16,7.637893985545819,1.7251466060634266,14.590379396166883,1737.8949798226554,37,14,Rotatefall,1,91.75,91.89,-0.14000000000000057,CNN
37.63324802591869,4.938985911914695,32.439944115786645,7.2,11,7.247307131257271,1.3447368810001377,11.502254026999985,892.8143662491788,37,14,Rotatefall,2,91.75,91.89,-0.14000000000000057,CNN
14.353578167717895,0.8266928274453983,5.9089191082113715,2.8666666666666667,0,5.9608740674940455,1.4614386056267687,5.67502318333653,78.86131079716448,37,14,Rotatefall,3,91.75,91.89,-0.14000000000000057,CNN
57.69243763065205,5.397919138705469,54.23419377562093,6.266666666666667,6,7.109202421739919,1.6741070477454782,9.770821328943574,1737.0396053927193,37,14,Rotatefall,4,91.75,91.89,-0.14000000000000057,CNN
22.256088019622467,3.113719093829749,15.2146865740253,4.8,3,5.997898614436851,1.458886618874667,5.404427092149915,621.07551138771,37,14,Rotatefall,5,91.75,91.89,-0.14000000000000057,CNN
40.51324391670762,4.484182308168512,39.573671060898235,11.133333333333333,12,9.566317076322319,2.5424274604750394,28.993996103527657,1076.8404806773756,51,10,Backfall,1,85.25,85.71,-0.45999999999999375,CNN
73.89675930677005,4.148672249341113,68.66241440866766,12.2,1,15.27132464386464,1.8398590147868839,10.37178823359204,2027.635344147347,51,10,Backfall,2,85.25,85.71,-0.45999999999999375,CNN
54.842159845291015,4.028774333649752,49.988151866371695,10.166666666666666,3,18.18322302797378,1.8849091765701969,7.689034231527492,1406.7710609691296,51,10,Backfall,3,85.25,85.71,-0.45999999999999375,CNN
43.34632344170142,3.830745512447596,39.24387423952915,10.133333333333333,3,13.366182066702967,1.595694465267594,5.501243962796007,857.9590546155019,51,10,Backfall,4,85.25,85.71,-0.45999999999999375,CNN
54.64058000554721,4.98359427811012,50.284732154914025,10.566666666666666,3,23.48712180722369,2.576373095179524,10.284929221098196,1349.6129704716336,51,10,Backfall,5,85.25,85.71,-0.45999999999999375,CNN
97.4506089703161,7.792773592833703,95.77207664604957,15.7,15,18.46286079339461,2.4323480192682716,49.86717446652419,2946.981198386403,51,11,Frontfall,1,85.25,85.71,-0.45999999999999375,CNN
72.64748233262446,6.1266695147849575,71.56350904249642,10.766666666666667,4,15.643856891846065,2.316699350697522,14.69548900287563,2864.2416771555754,51,11,Frontfall,2,85.25,85.71,-0.45999999999999375,CNN
91.2739921062988,6.13741952755926,88.80057577789725,9.9,5,16.578793098832648,2.8951693835440726,17.044283996742767,3474.324052728174,51,11,Frontfall,3,85.25,85.71,-0.45999999999999375,CNN
78.68870712058963,6.942079265343876,75.7444864436262,10.733333333333333,3,14.641592501296074,2.0937519683379744,15.231107476381558,2364.4087129448517,51,11,Frontfall,4,85.25,85.71,-0.45999999999999375,CNN
67.92315177493494,5.226044027050736,64.29347258948616,9.533333333333333,4,12.279050525338551,2.1136872914014897,16.338315383288265,2199.088984527416,51,11,Frontfall,5,85.25,85.71,-0.45999999999999375,CNN
52.60254198613604,3.554199799599381,49.104235927419566,9.7,3,15.543011927085079,2.03971357867959,9.598234191346657,1135.486365020205,51,12,Leftfall,1,85.25,85.71,-0.45999999999999375,CNN
10.028778875492183,0.08283238831883004,0.4716859768620285,2.6,0,0.15719042322427343,0.03160645178594916,0.12876730405114598,16.902450381885767,51,12,Leftfall,2,85.25,85.71,-0.45999999999999375,CNN
123.27656145072913,7.487816133534476,121.02721314342998,9.466666666666667,4,12.196236369614338,1.5546407350363207,7.934468838212763,3745.0654742729366,51,12,Leftfall,3,85.25,85.71,-0.45999999999999375,CNN
100.79841813948072,7.611848679682944,95.98397934968348,11.466666666666667,3,17.792108437366558,2.235916860440964,11.880435805032704,3255.4709253355363,51,12,Leftfall,4,85.25,85.71,-0.45999999999999375,CNN
47.22483246756107,3.360194932469307,44.1139658196366,10.266666666666667,5,42.23504336511418,3.1933617545642212,12.547162734720825,1482.453796002946,51,12,Leftfall,5,85.25,85.71,-0.45999999999999375,CNN
32.127535459115954,2.52659976829174,27.940690112635707,10.533333333333333,2,11.486884114209468,1.2281015857932849,5.4830047143035845,708.2188569789656,51,13,Rightfall,1,85.25,85.71,-0.45999999999999375,CNN
23.269822646033315,1.7250429323215468,16.891896367257072,9.266666666666667,1,6.537458243180444,0.8849759588749323,5.085238052323087,564.430998806452,51,13,Rightfall,2,85.25,85.71,-0.45999999999999375,CNN
32.67955528070155,2.4556102789086927,27.854899035820818,9.633333333333333,2,11.002799206042388,1.415899741889007,6.283774873017143,580.2076115969257,51,13,Rightfall,3,85.25,85.71,-0.45999999999999375,CNN
25.851491482409948,2.4567815082232016,21.449798389527704,9.9,2,8.244672206007161,1.7428862698214431,9.229436167888945,589.5627479913691,51,13,Rightfall,4,85.25,85.71,-0.45999999999999375,CNN
23.87502256436167,1.7971195790659147,17.532774756726575,10.433333333333334,1,13.168313582423108,1.2884623851990966,5.368370987703674,664.0434058294198,51,13,Rightfall,5,85.25,85.71,-0.45999999999999375,CNN
26.314533187686845,2.326069712697239,19.953488517349495,14.0,4,13.863511984485806,2.217732648019989,21.87858644949765,973.3774976091211,51,14,Rotatefall,1,85.25,85.71,-0.45999999999999375,CNN
89.23753864624827,5.321907826626286,85.78609006638726,10.766666666666667,3,18.574919321651933,2.1976972845423313,15.340501412092218,1940.2261014834862,51,14,Rotatefall,2,85.25,85.71,-0.45999999999999375,CNN
80.45646630554575,5.981419985176095,79.19683920731264,10.5,4,15.787755312618962,2.989057166988692,22.608567045998633,1900.688912185803,51,14,Rotatefall,3,85.25,85.71,-0.45999999999999375,CNN
127.51785407131713,7.423107814202658,126.2133795853103,10.866666666666667,6,14.478327752742338,2.7876800030426767,19.778056685035324,3197.5509512849358,51,14,Rotatefall,4,85.25,85.71,-0.45999999999999375,CNN
26.923688044399693,2.339182742227616,24.30947707825884,10.566666666666666,2,12.454198544042358,2.0075475721528293,13.153012312481,564.3299537341077,51,14,Rotatefall,5,85.25,85.71,-0.45999999999999375,CNN
14.801902027326868,1.1514486989324828,9.623885925129594,15.633333333333333,0,10.093600630184248,1.528064361547602,16.10741662804064,201.05445087124133,53,10,Backfall,1,91.47,92.31,-0.8400000000000034,CNN
36.261303570510876,2.7399780476219098,33.61065441622026,9.866666666666667,2,6.2433292777515375,1.2156914591476793,9.645092449679586,915.7430694907862,53,10,Backfall,2,91.47,92.31,-0.8400000000000034,CNN
44.260417709755544,3.4376068347783626,41.80446832761217,10.6,3,4.776604685788838,1.0391962729280915,10.377718381054535,1325.4139902711745,53,10,Backfall,3,91.47,92.31,-0.8400000000000034,CNN
35.71266633950729,2.88810140663306,30.38776034710021,7.033333333333333,2,6.10283650379746,1.2050522838843651,6.203732397703887,737.6338686933366,53,10,Backfall,4,91.47,92.31,-0.8400000000000034,CNN
32.52792312883376,2.7784250229081473,30.992294394179172,8.066666666666666,3,6.69299526291797,1.313492567970975,7.182856285498991,633.4713278611421,53,10,Backfall,5,91.47,92.31,-0.8400000000000034,CNN
70.97928047285004,4.91729861737995,67.8577563578455,8.466666666666667,2,23.475467069074003,1.7908904161640717,5.3110828261060306,1903.3990382909622,53,11,Frontfall,1,91.47,92.31,-0.8400000000000034,CNN
131.14750197191444,8.331889179533901,129.28618047921742,8.666666666666666,2,11.365112787007941,1.3153872714112003,5.303058866494605,4198.2288611491795,53,11,Frontfall,2,91.47,92.31,-0.8400000000000034,CNN
121.17327629777698,11.26961353034749,118.51134361742918,8.366666666666667,2,15.387098332203802,1.7651989491853521,7.42362812768674,3678.913712893676,53,11,Frontfall,3,91.47,92.31,-0.8400000000000034,CNN
132.0612634585735,7.521671625753449,129.12503730296194,9.433333333333334,3,7.142896370500704,1.047137741927462,5.438739872629239,4071.99158434943,53,11,Frontfall,4,91.47,92.31,-0.8400000000000034,CNN
126.71575074913892,10.43266736674598,122.46103189984557,8.766666666666667,3,8.091689644755908,1.2243014286944616,7.153090543502033,3946.1678697081747,53,11,Frontfall,5,91.47,92.31,-0.8400000000000034,CNN
10.166955167470016,0.07345447068855182,0.9839858189094759,13.3,0,0.21719377675831097,0.03450911250424921,0.5858695569902153,125.10936614049885,53,12,Leftfall,1,91.47,92.31,-0.8400000000000034,CNN
81.44189457313631,4.906921615892581,79.30358617300695,10.4,3,9.580561134541151,1.4764959785580616,7.912421450775012,2154.9437286475118,53,12,Leftfall,2,91.47,92.31,-0.8400000000000034,CNN
37.52980830066669,2.535527616151195,31.396736806320188,8.933333333333334,1,5.6588306045605,0.87325613387443,4.658141640531441,915.2009567882599,53,12,Leftfall,3,91.47,92.31,-0.8400000000000034,CNN
52.10715379964181,4.466973170954901,51.022448294715126,7.933333333333334,2,9.90519889200178,1.2534450081272472,5.65285195678646,1615.9740231848543,53,12,Leftfall,4,91.47,92.31,-0.8400000000000034,CNN
134.7233594008007,7.304091453913169,131.93268703919344,11.1,6,10.631187557965427,1.319262864574711,10.328269905233128,3931.819878296732,53,12,Leftfall,5,91.47,92.31,-0.8400000000000034,CNN
32.83625164330894,3.1124125958679176,27.15324467890175,10.466666666666667,2,9.70507192523182,1.491593063134427,10.155060504461472,561.9605936328029,53,13,Rightfall,1,91.47,92.31,-0.8400000000000034,CNN
43.65321097662448,3.7598310374377317,40.14822591798611,7.833333333333333,1,8.159298495782268,1.151893696028661,6.854849080396087,711.9047230948254,53,13,Rightfall,2,91.47,92.31,-0.8400000000000034,CNN
58.91221980701996,5.351002623515368,57.46448438172975,7.233333333333333,2,6.97343155259611,1.1562497302587431,5.873639397765784,1291.584838012905,53,13,Rightfall,3,91.47,92.31,-0.8400000000000034,CNN
62.5276595226197,5.167449219827171,57.9928171673348,7.6,1,10.081829903599552,1.4973331234207745,5.958910292249935,1374.8086755003355,53,13,Rightfall,4,91.47,92.31,-0.8400000000000034,CNN
11.557679487438051,0.35918508173152247,3.5116872906946153,4.766666666666667,0,1.9222110568233086,0.35894574700520243,1.5019128359184606,397.10011938395695,53,13,Rightfall,5,91.47,92.31,-0.8400000000000034,CNN
150.82510154064707,8.451596346614554,148.1520131213894,10.233333333333333,3,8.649659512759504,1.2929234407850618,10.395493914613914,5103.308334964937,53,14,Rotatefall,1,91.47,92.31,-0.8400000000000034,CNN
88.98780832266215,6.613858096674478,86.01229729594152,9.766666666666667,4,11.76317705590948,1.4450484148191065,11.57945143807205,3133.2733468927777,53,14,Rotatefall,2,91.47,92.31,-0.8400000000000034,CNN
82.47828251515928,6.831339828159334,78.78309488569359,10.2,4,17.694240943437258,1.8162198178199036,12.648113484830107,2974.5596965793525,53,14,Rotatefall,3,91.47,92.31,-0.8400000000000034,CNN
82.7024190426824,5.453893471825533,79.8508322108759,9.533333333333333,4,7.098989011749992,1.4509602055789257,11.681027098154045,3324.7485332989922,53,14,Rotatefall,4,91.47,92.31,-0.8400000000000034,CNN
88.79539248757004,6.7330555591776315,86.84908009457861,10.366666666666667,6,6.924133586721495,1.2037524397807453,11.27917092717958,2747.1233876980455,31,10,Backfall,1,78.79,80.0,-1.2099999999999937,CNN
77.88974053829786,7.124252924926795,77.21702110528335,9.633333333333333,9,17.696811132746955,2.182022937644953,14.365194318223223,2494.4821972744885,31,10,Backfall,2,78.79,80.0,-1.2099999999999937,CNN
80.4089728153699,7.1144174928506665,78.14029678511145,7.533333333333333,9,13.436178880121895,1.600699000367532,6.815055349387864,2502.5929672095467,31,10,Backfall,3,78.79,80.0,-1.2099999999999937,CNN
65.4011639985504,6.010648351094228,63.88759255844796,9.866666666666667,14,10.400586599458286,2.3457989476171126,20.711153846225223,1670.4272019922919,31,12,Leftfall,1,78.79,80.0,-1.2099999999999937,CNN
53.934947234814835,5.642281281472897,51.793540830112235,8.7,11,12.385139583254464,1.8362845739269087,12.43439356602359,1284.508445365704,31,12,Leftfall,2,78.79,80.0,-1.2099999999999937,CNN
85.60404800229345,7.8514786574674424,83.59094455108257,9.033333333333333,8,19.515382678006628,2.1671154991497685,10.06675258388885,2563.914733302635,31,12,Leftfall,3,78.79,80.0,-1.2099999999999937,CNN
77.68694214797887,10.07912723078112,75.28240191091936,6.866666666666666,10,24.632632842991892,3.2227520851813436,13.86742982049423,2347.9741333808643,31,12,Leftfall,4,78.79,80.0,-1.2099999999999937,CNN
55.2911254519751,6.976495953555894,52.121426513276596,10.6,10,25.123277494603396,3.1079344344932744,28.138523216782875,1591.8691776013611,31,12,Leftfall,5,78.79,80.0,-1.2099999999999937,CNN
33.50334148076219,4.087134124601696,30.229157338987935,7.5,7,7.595150970623334,1.4820243317754433,12.031007790203253,529.4648215171709,31,14,Rotatefall,1,78.79,80.0,-1.2099999999999937,CNN
84.56905038645262,5.610099448578087,81.5543189128817,17.866666666666667,16,8.774241124002668,1.5669757815334522,33.818760916504765,2444.4762699304943,31,14,Rotatefall,2,78.79,80.0,-1.2099999999999937,CNN
25.57783551498815,2.976598750817615,23.75547060742945,13.333333333333334,4,5.104354801548902,1.2705467722866557,20.707087832128348,294.4900181022513,31,14,Rotatefall,3,78.79,80.0,-1.2099999999999937,CNN
23.492763935125893,3.5526044575656677,20.28138106950494,11.233333333333333,3,8.371062511468065,1.6466285809411432,16.33150863406279,339.21303527347004,31,14,Rotatefall,4,78.79,80.0,-1.2099999999999937,CNN
78.52319369889771,7.091343685139102,75.25717578486422,14.966666666666667,7,11.526936786614092,1.7828008758264533,30.1381065356925,799.4852563564621,31,14,Rotatefall,5,78.79,80.0,-1.2099999999999937,CNN
74.11343387531244,5.66197815066442,71.16792058375405,23.7,17,11.125603660962085,1.8812582962857343,48.9925153315681,1011.4325946653527,34,10,Backfall,1,90.91,92.31,-1.4000000000000057,CNN
65.0651150249227,3.907756125801272,63.59569583527164,35.166666666666664,20,14.020049772824208,2.1848610443577012,83.34793574042723,1613.355190085869,34,10,Backfall,2,90.91,92.31,-1.4000000000000057,CNN
45.31548947822281,3.139291139164411,42.37451870202521,30.933333333333334,10,15.303349900590232,2.188035922541063,52.68702251435672,964.9872462140844,34,10,Backfall,3,90.91,92.31,-1.4000000000000057,CNN
102.11545085602519,7.594768817477452,99.8605268836984,10.166666666666666,12,10.575373928761982,2.282708561363248,22.585704181992728,3700.784601040261,34,12,Leftfall,1,90.91,92.31,-1.4000000000000057,CNN
42.03716287996342,4.329917881097347,39.67546265392945,9.4,10,11.441589958186459,2.50833886679163,19.280569858841883,1107.5191478603997,34,12,Leftfall,2,90.91,92.31,-1.4000000000000057,CNN
54.96208224946481,5.263337571666657,51.17956160115369,9.366666666666667,13,8.653637973625276,1.6044994296036492,17.404987045128276,1334.30922844988,34,12,Leftfall,3,90.91,92.31,-1.4000000000000057,CNN
78.37106865869073,6.495465128514103,74.29101069458227,9.266666666666667,18,8.741293764895762,2.130188833352569,14.546295273850058,2512.2454122324043,34,12,Leftfall,4,90.91,92.31,-1.4000000000000057,CNN
35.4889714228266,4.059910547240568,32.50351872328201,10.7,15,9.800470116925718,2.095887643960812,18.436862977367802,1132.1753404748958,34,12,Leftfall,5,90.91,92.31,-1.4000000000000057,CNN
72.68501888220084,5.802302314475805,69.70643506559219,16.833333333333332,2,13.796259609386803,1.6345164992562384,10.444747237058316,2213.320511866149,60,10,Backfall,1,86.02,90.48,-4.460000000000008,CNN
53.99814095113743,4.7941860745870075,51.6739671744216,16.933333333333334,2,13.233794319215521,1.9060403431585717,18.112899079932813,1661.347724788138,60,10,Backfall,2,86.02,90.48,-4.460000000000008,CNN
79.72265025914169,5.307259071531186,74.88236865339132,13.666666666666666,3,9.123800411349816,1.284665072279879,8.38391349120778,2344.266271650326,60,10,Backfall,3,86.02,90.48,-4.460000000000008,CNN
19.18191447709949,1.6075068954830705,13.326531754057939,19.5,2,8.60851699369733,1.529860537064355,20.01139120364549,183.94588384286916,60,10,Backfall,4,86.02,90.48,-4.460000000000008,CNN
116.5955221415298,9.763946712244469,112.84558030931704,17.466666666666665,9,12.996660646673012,2.0343322561142583,22.087254476212305,3141.9032616492036,60,11,Frontfall,1,86.02,90.48,-4.460000000000008,CNN
72.99351821786605,5.2238111980802255,69.10170569557766,19.6,6,10.029637768365264,1.429648776930914,14.581865851500883,2052.0816875149158,60,11,Frontfall,2,86.02,90.48,-4.460000000000008,CNN
82.49388284125463,6.7488583248933605,78.37637399997682,19.166666666666668,6,9.394850750157374,1.4876724552582952,18.03860995199209,2849.3337103378985,60,11,Frontfall,3,86.02,90.48,-4.460000000000008,CNN
10.468955383944133,0.3554611783692297,2.0830943931710824,9.8,0,1.7115805788367984,0.2853704111110285,2.7977012657903453,139.5886863509476,60,11,Frontfall,4,86.02,90.48,-4.460000000000008,CNN
78.22518378098263,6.434814436429496,73.6830048373074,19.133333333333333,6,9.028759902501273,1.4391808126927903,15.680026772277959,2337.6386893702384,60,11,Frontfall,5,86.02,90.48,-4.460000000000008,CNN
75.9691277776936,5.0660915029797255,71.52317687100407,15.8,1,7.2717957734840635,1.1845276100858737,11.4372260739643,1705.2795421843628,60,12,Leftfall,2,86.02,90.48,-4.460000000000008,CNN
53.59065751854495,5.051553108262735,50.906163870567894,14.133333333333333,3,14.96473449985042,1.7864565629328797,14.487026854318533,1498.1571077778726,60,12,Leftfall,4,86.02,90.48,-4.460000000000008,CNN
39.95475768787636,3.4999258428439535,36.801503042934215,20.633333333333333,2,7.046353025350385,1.0394911915689238,14.336713089836625,1225.8641483580686,60,13,Rightfall,2,86.02,90.48,-4.460000000000008,CNN
96.96229137476192,8.182358541383806,95.86802501859503,17.533333333333335,6,11.490223116410784,1.6019964854887765,21.023995264978314,3047.8288475718346,60,13,Rightfall,3,86.02,90.48,-4.460000000000008,CNN
62.160002396147796,4.8142127533858305,58.04910513135526,19.2,2,7.629962259240321,1.1492839768623084,14.693064813444296,1345.6327084091863,60,13,Rightfall,5,86.02,90.48,-4.460000000000008,CNN
80.94316836070725,6.060589762496023,75.92792826697425,15.6,6,8.42678950196408,1.9166041023769866,21.61653781071831,3111.925811979736,60,14,Rotatefall,1,86.02,90.48,-4.460000000000008,CNN
85.20226063577005,7.575455403356413,81.69511390745966,15.6,6,10.039405645818194,1.8150385400115743,21.498629467688183,2720.2998335234993,60,14,Rotatefall,4,86.02,90.48,-4.460000000000008,CNN
17.952855565910788,1.0620294310153133,14.72467641096018,18.1,1,4.61619603853132,0.8576572560873248,8.447491538297212,237.27483336384182,60,14,Rotatefall,5,86.02,90.48,-4.460000000000008,CNN
85.11501512311038,4.501924133330025,81.0507755119802,13.033333333333333,5,11.315312781548418,1.5984182406771787,13.26007123882541,2818.7914881828983,52,10,Backfall,1,85.53,90.0,-4.469999999999999,CNN
39.501843373882465,3.3653343331710897,38.90180828395224,13.166666666666666,3,16.943239701657966,1.605766365730153,12.760105399225662,1224.213075459187,52,10,Backfall,2,85.53,90.0,-4.469999999999999,CNN
10.452730654352465,0.3075111255866122,0.996313644160443,0.7333333333333333,0,3.015192357630786,0.8428743405096958,0.5438197675209779,24.710316250033806,52,10,Backfall,3,85.53,90.0,-4.469999999999999,CNN
52.36986579082566,3.985782482689572,49.22088597447591,12.233333333333333,6,10.531251785332898,1.7033694749403223,16.26246289268722,1667.5766163520439,52,10,Backfall,4,85.53,90.0,-4.469999999999999,CNN
69.59616099793807,4.036975902463785,65.94086279850117,13.966666666666667,6,7.801791307118342,1.5693658421068295,13.808512897060098,2400.2479874680157,52,10,Backfall,5,85.53,90.0,-4.469999999999999,CNN
105.58771894181442,6.799948308849827,103.07488081405111,14.4,3,7.931762944332489,1.2035286675898214,10.973634676800312,3063.51648298839,52,11,Frontfall,1,85.53,90.0,-4.469999999999999,CNN
80.44631842310653,4.341507514517742,77.51414375538651,12.366666666666667,4,8.56264740606844,1.1951435197891334,9.448576222016332,2496.054196450323,52,11,Frontfall,2,85.53,90.0,-4.469999999999999,CNN
10.543671098414709,0.12732942531130992,1.007798956062116,4.733333333333333,0,0.41729755342353064,0.06937552222418358,0.32691437427993797,100.32883923454035,52,11,Frontfall,3,85.53,90.0,-4.469999999999999,CNN
51.72589915034199,3.034224606788673,49.54807058122155,15.4,4,7.588649366201211,1.1186176108480392,9.957525275218567,1805.3066447682493,52,11,Frontfall,4,85.53,90.0,-4.469999999999999,CNN
11.020649956858307,0.24866606669571278,2.4522162528922475,14.166666666666666,0,2.843735759516137,0.2521057112058833,2.1034497533008243,116.84755998209552,52,11,Frontfall,5,85.53,90.0,-4.469999999999999,CNN
44.487058395200116,4.265238255015785,42.23795115550034,9.366666666666667,3,12.493333611370106,1.8678044995485066,14.44338482262622,1196.5993089103122,52,12,Leftfall,1,85.53,90.0,-4.469999999999999,CNN
56.976078284406384,3.5804660202828864,54.16258836796096,12.2,3,9.236179997173528,1.547937659282516,14.22180394863219,1548.7589799516536,52,12,Leftfall,2,85.53,90.0,-4.469999999999999,CNN
71.08471524085174,5.340305682958256,68.02891518353715,14.766666666666667,3,11.140311297349795,1.4917159296143518,14.287389018838168,2544.6735402991044,52,12,Leftfall,3,85.53,90.0,-4.469999999999999,CNN
112.2473655807437,5.741585623649713,108.98101945741081,13.333333333333334,4,8.638399189794903,1.0904549380523416,10.854662676962617,3725.3502647068713,52,12,Leftfall,4,85.53,90.0,-4.469999999999999,CNN
78.49545001511329,5.124399747345025,74.99869847696999,11.3,4,8.33822096712032,1.3706599479981694,11.962557417756598,1706.3290110513722,52,12,Leftfall,5,85.53,90.0,-4.469999999999999,CNN
42.10365628954051,3.2511144023711616,37.39131272363896,11.066666666666666,5,9.565987377233705,1.4618895626997974,15.15135513466197,889.9850857415,52,13,Rightfall,1,85.53,90.0,-4.469999999999999,CNN
47.81620577480759,3.78297300061019,46.35881646877962,10.566666666666666,3,11.545409038305351,1.6401642836029773,12.575590388997943,1036.1348947408883,52,13,Rightfall,2,85.53,90.0,-4.469999999999999,CNN
31.683830578363093,2.678869796283769,26.75893276622615,12.533333333333333,6,5.775235601415972,1.2221497300124269,13.244033976947284,464.82436167120335,52,13,Rightfall,3,85.53,90.0,-4.469999999999999,CNN
33.81391201981257,2.8093559895535307,30.032954996023882,13.833333333333334,5,5.945276851200756,1.308560182181218,12.868957925896545,613.2872341886359,52,13,Rightfall,4,85.53,90.0,-4.469999999999999,CNN
86.63731932735263,6.244633442081258,85.61873520908277,12.566666666666666,5,10.146535940201266,1.6820447128801044,13.221868894451712,2138.645242739413,52,13,Rightfall,5,85.53,90.0,-4.469999999999999,CNN
15.233299874425093,1.0203637246638193,9.010758645469224,7.566666666666666,1,5.136184611347847,1.0562638560711943,5.915663532133935,446.74268023467357,52,14,Rotatefall,1,85.53,90.0,-4.469999999999999,CNN
45.78169961231598,3.737905948497659,43.31380732387462,10.4,7,6.470107100486263,1.4563220614076695,14.02592979736122,1616.0535525569935,52,14,Rotatefall,2,85.53,90.0,-4.469999999999999,CNN
35.829624441946315,2.723450308330623,31.63790849537658,11.866666666666667,7,7.283813221650872,1.483035270056086,12.062100266713653,996.6504724233369,52,14,Rotatefall,3,85.53,90.0,-4.469999999999999,CNN
76.77099210791478,4.5047954911186245,75.1854707544123,11.366666666666667,5,6.941869552180827,1.554060470219651,13.506087511295325,2595.302300799073,52,14,Rotatefall,4,85.53,90.0,-4.469999999999999,CNN
49.71909341184589,3.0233284134142897,45.1730993487919,14.533333333333333,6,7.498725622315108,1.4180084062631126,15.814723857161862,1299.1401683454806,52,14,Rotatefall,5,85.53,90.0,-4.469999999999999,CNN
